Combo,Metric,Model 1,Model 2,Unique M1,Unique M2,Intersection,Total Union Potential,RRF Score,RRF Gain vs Better Single,RRF Coverage of Unique
results_rrf_clip_image_coco_faiss_flava_text_coco_faiss,R1,clip_image,flava_text,576,947,1307,2830,2287,33,0.5456336178594878
results_rrf_clip_image_coco_faiss_flava_text_coco_faiss,R5,clip_image,flava_text,582,849,2537,3968,3742,356,0.7833682739343116
results_rrf_clip_image_coco_faiss_flava_text_coco_faiss,R10,clip_image,flava_text,489,734,3130,4353,4101,237,0.7939493049877351
results_rrf_clip_image_coco_faiss_uniir_joint-image-text_coco_faiss,R1,clip_image,uniir_joint-image-text,308,1192,1575,3075,2684,-83,0.668
results_rrf_clip_image_coco_faiss_uniir_joint-image-text_coco_faiss,R5,clip_image,uniir_joint-image-text,300,977,2819,4096,3973,177,0.8300704776820673
results_rrf_clip_image_coco_faiss_uniir_joint-image-text_coco_faiss,R10,clip_image,uniir_joint-image-text,222,795,3397,4414,4265,73,0.8534906588003933
results_rrf_clip_image_coco_faiss_uniir_text_coco_faiss,R1,clip_image,uniir_text,547,914,1336,2797,2336,86,0.5722108145106092
results_rrf_clip_image_coco_faiss_uniir_text_coco_faiss,R5,clip_image,uniir_text,537,824,2582,3943,3704,298,0.7641440117560617
results_rrf_clip_image_coco_faiss_uniir_text_coco_faiss,R10,clip_image,uniir_text,490,705,3129,4324,4075,241,0.7907949790794979
results_rrf_clip_text_coco_faiss_flava_image_coco_faiss,R1,clip_text,flava_image,759,779,1184,2722,2147,184,0.5546163849154746
results_rrf_clip_text_coco_faiss_flava_image_coco_faiss,R5,clip_text,flava_image,482,988,2504,3974,3592,100,0.6925170068027211
results_rrf_clip_text_coco_faiss_flava_image_coco_faiss,R10,clip_text,flava_image,359,900,3099,4358,4097,98,0.7926926131850676
results_rrf_clip_text_coco_faiss_uniir_image_coco_faiss,R1,clip_text,uniir_image,516,1114,1427,3057,2134,-407,0.4343558282208589
results_rrf_clip_text_coco_faiss_uniir_image_coco_faiss,R5,clip_text,uniir_image,316,1196,2670,4182,3780,-86,0.7023809523809523
results_rrf_clip_text_coco_faiss_uniir_image_coco_faiss,R10,clip_text,uniir_image,219,1050,3239,4508,4273,-16,0.8148148148148148
results_rrf_clip_text_coco_faiss_uniir_joint-image-text_coco_faiss,R1,clip_text,uniir_joint-image-text,187,1011,1756,2954,2509,-258,0.6043405676126878
results_rrf_clip_text_coco_faiss_uniir_joint-image-text_coco_faiss,R5,clip_text,uniir_joint-image-text,139,949,2847,3935,3875,79,0.84375
results_rrf_clip_text_coco_faiss_uniir_joint-image-text_coco_faiss,R10,clip_text,uniir_joint-image-text,106,840,3352,4298,4202,10,0.8985200845665962
results_rrf_flava_image_coco_faiss_uniir_joint-image-text_coco_faiss,R1,flava_image,uniir_joint-image-text,384,1188,1579,3151,2723,-44,0.6596692111959288
results_rrf_flava_image_coco_faiss_uniir_joint-image-text_coco_faiss,R5,flava_image,uniir_joint-image-text,408,712,3084,4204,4051,255,0.7830357142857143
results_rrf_flava_image_coco_faiss_uniir_joint-image-text_coco_faiss,R10,flava_image,uniir_joint-image-text,327,520,3672,4519,4380,188,0.8358913813459268
results_rrf_flava_image_coco_faiss_uniir_text_coco_faiss,R1,flava_image,uniir_text,617,904,1346,2867,2382,132,0.5785667324128863
results_rrf_flava_image_coco_faiss_uniir_text_coco_faiss,R5,flava_image,uniir_text,686,600,2806,4092,3827,335,0.7317262830482115
results_rrf_flava_image_coco_faiss_uniir_text_coco_faiss,R10,flava_image,uniir_text,610,445,3389,4444,4218,219,0.785781990521327
results_rrf_flava_text_coco_faiss_uniir_image_coco_faiss,R1,flava_text,uniir_image,650,937,1604,3191,2307,-234,0.4625078764965343
results_rrf_flava_text_coco_faiss_uniir_image_coco_faiss,R5,flava_text,uniir_image,373,853,3013,4239,3952,86,0.7145187601957586
results_rrf_flava_text_coco_faiss_uniir_image_coco_faiss,R10,flava_text,uniir_image,295,720,3569,4584,4368,79,0.787192118226601
results_rrf_flava_text_coco_faiss_uniir_joint-image-text_coco_faiss,R1,flava_text,uniir_joint-image-text,284,797,1970,3051,2562,-205,0.5790934320074006
results_rrf_flava_text_coco_faiss_uniir_joint-image-text_coco_faiss,R5,flava_text,uniir_joint-image-text,221,631,3165,4017,3967,171,0.8286384976525821
results_rrf_flava_text_coco_faiss_uniir_joint-image-text_coco_faiss,R10,flava_text,uniir_joint-image-text,189,517,3675,4381,4295,103,0.8781869688385269
results_rrf_minilm_text_coco_faiss_clip_image_coco_faiss,R1,minilm_text,clip_image,813,715,1168,2696,2148,167,0.5425392670157068
results_rrf_minilm_text_coco_faiss_clip_image_coco_faiss,R5,minilm_text,clip_image,692,762,2357,3811,3541,422,0.749656121045392
results_rrf_minilm_text_coco_faiss_clip_image_coco_faiss,R10,minilm_text,clip_image,620,698,2921,4239,3961,342,0.7883156297420334
results_rrf_minilm_text_coco_faiss_flava_image_coco_faiss,R1,minilm_text,flava_image,789,771,1192,2752,2190,209,0.5358974358974359
results_rrf_minilm_text_coco_faiss_flava_image_coco_faiss,R5,minilm_text,flava_image,515,958,2534,4007,3655,163,0.7046843177189409
results_rrf_minilm_text_coco_faiss_flava_image_coco_faiss,R10,minilm_text,flava_image,397,855,3144,4396,4129,130,0.7859424920127795
results_rrf_minilm_text_coco_faiss_uniir_image_coco_faiss,R1,minilm_text,uniir_image,557,1117,1424,3098,2228,-313,0.4510155316606929
results_rrf_minilm_text_coco_faiss_uniir_image_coco_faiss,R5,minilm_text,uniir_image,327,1144,2722,4193,3823,-43,0.7049626104690686
results_rrf_minilm_text_coco_faiss_uniir_image_coco_faiss,R10,minilm_text,uniir_image,239,987,3302,4528,4300,11,0.8140293637846656
results_rrf_minilm_text_coco_faiss_uniir_joint-image-text_coco_faiss,R1,minilm_text,uniir_joint-image-text,230,1016,1751,2997,2593,-174,0.6211878009630819
results_rrf_minilm_text_coco_faiss_uniir_joint-image-text_coco_faiss,R5,minilm_text,uniir_joint-image-text,193,940,2856,3989,3930,134,0.852603706972639
results_rrf_minilm_text_coco_faiss_uniir_joint-image-text_coco_faiss,R10,minilm_text,uniir_joint-image-text,140,791,3401,4332,4235,43,0.8947368421052632
results_rrf_uniir_image_coco_faiss_uniir_joint-image-text_coco_faiss,R1,uniir_image,uniir_joint-image-text,373,599,2168,3140,2670,-97,0.5473251028806584
results_rrf_uniir_image_coco_faiss_uniir_joint-image-text_coco_faiss,R5,uniir_image,uniir_joint-image-text,370,300,3496,4166,4058,192,0.7149253731343284
results_rrf_uniir_image_coco_faiss_uniir_joint-image-text_coco_faiss,R10,uniir_image,uniir_joint-image-text,299,202,3990,4491,4411,122,0.8343313373253493
results_rrf_uniir_text_coco_faiss_uniir_joint-image-text_coco_faiss,R1,uniir_text,uniir_joint-image-text,136,653,2114,2903,2526,-241,0.5817490494296578
results_rrf_uniir_text_coco_faiss_uniir_joint-image-text_coco_faiss,R5,uniir_text,uniir_joint-image-text,130,520,3276,3926,3946,150,0.84
results_rrf_uniir_text_coco_faiss_uniir_joint-image-text_coco_faiss,R10,uniir_text,uniir_joint-image-text,74,432,3760,4266,4225,33,0.9189723320158104
openclip_image_coco_faiss_clip_image_coco_faiss,R1,openclip_image,clip_image,843,355,1528,2726,2293,-78,0.5525876460767947
openclip_image_coco_faiss_clip_image_coco_faiss,R5,openclip_image,clip_image,773,287,2831,3891,3515,-89,0.6075471698113207
openclip_image_coco_faiss_clip_image_coco_faiss,R10,openclip_image,clip_image,649,215,3402,4266,3954,-97,0.6076388888888888
openclip_image_coco_faiss_clip_text_coco_faiss,R1,openclip_image,clip_text,990,561,1381,2932,1718,-653,0.3288201160541586
openclip_image_coco_faiss_clip_text_coco_faiss,R5,openclip_image,clip_text,1022,403,2582,4007,3223,-381,0.4856140350877193
openclip_image_coco_faiss_clip_text_coco_faiss,R10,openclip_image,clip_text,922,326,3129,4377,3847,-204,0.5592948717948718
openclip_image_coco_faiss_flava_image_coco_faiss,R1,openclip_image,flava_image,889,480,1482,2851,2462,91,0.6084733382030679
openclip_image_coco_faiss_flava_image_coco_faiss,R5,openclip_image,flava_image,549,434,3055,4038,3786,182,0.669379450661241
openclip_image_coco_faiss_flava_image_coco_faiss,R10,openclip_image,flava_image,424,369,3627,4420,4211,160,0.6935687263556116
openclip_image_coco_faiss_flava_text_coco_faiss,R1,openclip_image,flava_text,843,725,1528,3096,1944,-427,0.3730867346938775
openclip_image_coco_faiss_flava_text_coco_faiss,R5,openclip_image,flava_text,729,510,2875,4114,3555,-49,0.5746569814366425
openclip_image_coco_faiss_flava_text_coco_faiss,R10,openclip_image,flava_text,627,436,3424,4487,4142,91,0.6481655691439323
openclip_image_coco_faiss_minilm_text_coco_faiss,R1,openclip_image,minilm_text,991,600,1380,2971,1830,-541,0.3658076681332495
openclip_image_coco_faiss_minilm_text_coco_faiss,R5,openclip_image,minilm_text,978,420,2626,4024,3335,-269,0.5200286123032904
openclip_image_coco_faiss_minilm_text_coco_faiss,R10,openclip_image,minilm_text,877,364,3174,4415,3948,-103,0.6011281224818694
openclip_image_coco_faiss_uniir_image_coco_faiss,R1,openclip_image,uniir_image,547,716,1824,3087,2631,91,0.5597783056215361
openclip_image_coco_faiss_uniir_image_coco_faiss,R5,openclip_image,uniir_image,306,565,3298,4169,3922,59,0.6452353616532721
openclip_image_coco_faiss_uniir_image_coco_faiss,R10,openclip_image,uniir_image,235,469,3816,4520,4299,14,0.65625
openclip_image_coco_faiss_uniir_joint-image-text_coco_faiss,R1,openclip_image,uniir_joint-image-text,462,857,1909,3228,2602,-164,0.5291887793783169
openclip_image_coco_faiss_uniir_joint-image-text_coco_faiss,R5,openclip_image,uniir_joint-image-text,395,585,3209,4189,3937,143,0.7071428571428572
openclip_image_coco_faiss_uniir_joint-image-text_coco_faiss,R10,openclip_image,uniir_joint-image-text,307,445,3744,4496,4357,168,0.7406914893617021
openclip_image_coco_faiss_uniir_text_coco_faiss,R1,openclip_image,uniir_text,797,675,1574,3046,2070,-301,0.4116847826086957
openclip_image_coco_faiss_uniir_text_coco_faiss,R5,openclip_image,uniir_text,719,519,2885,4123,3588,-16,0.5831987075928917
openclip_image_coco_faiss_uniir_text_coco_faiss,R10,openclip_image,uniir_text,629,408,3422,4459,4113,62,0.639344262295082
openclip_text_coco_faiss_clip_image_coco_faiss,R1,openclip_text,clip_image,906,605,1278,2789,1940,-244,0.456651224354732
openclip_text_coco_faiss_clip_image_coco_faiss,R5,openclip_text,clip_image,770,655,2463,3888,3413,180,0.6231578947368421
openclip_text_coco_faiss_clip_image_coco_faiss,R10,openclip_text,clip_image,663,572,3045,4280,3986,278,0.6793522267206478
openclip_text_coco_faiss_clip_text_coco_faiss,R1,openclip_text,clip_text,470,228,1714,2412,1770,-414,0.4212034383954154
openclip_text_coco_faiss_clip_text_coco_faiss,R5,openclip_text,clip_text,482,234,2751,3467,3219,-14,0.6536312849162011
openclip_text_coco_faiss_clip_text_coco_faiss,R10,openclip_text,clip_text,442,189,3266,3897,3775,67,0.716323296354992
openclip_text_coco_faiss_flava_image_coco_faiss,R1,openclip_text,flava_image,867,645,1317,2829,1931,-253,0.4318783068783068
openclip_text_coco_faiss_flava_image_coco_faiss,R5,openclip_text,flava_image,538,794,2695,4027,3463,-26,0.5615615615615616
openclip_text_coco_faiss_flava_image_coco_faiss,R10,openclip_text,flava_image,405,693,3303,4401,4054,58,0.6275045537340619
openclip_text_coco_faiss_flava_text_coco_faiss,R1,openclip_text,flava_text,367,436,1817,2620,1916,-337,0.4146948941469489
openclip_text_coco_faiss_flava_text_coco_faiss,R5,openclip_text,flava_text,311,463,2922,3696,3461,76,0.6537467700258398
openclip_text_coco_faiss_flava_text_coco_faiss,R10,openclip_text,flava_text,267,419,3441,4127,4005,145,0.7274052478134111
openclip_text_coco_faiss_minilm_text_coco_faiss,R1,openclip_text,minilm_text,543,339,1641,2523,1870,-314,0.4546485260770975
openclip_text_coco_faiss_minilm_text_coco_faiss,R5,openclip_text,minilm_text,521,334,2712,3567,3329,96,0.6666666666666666
openclip_text_coco_faiss_minilm_text_coco_faiss,R10,openclip_text,minilm_text,470,300,3238,4008,3898,190,0.7389610389610389
openclip_text_coco_faiss_uniir_image_coco_faiss,R1,openclip_text,uniir_image,616,972,1568,3156,1938,-602,0.3583123425692695
openclip_text_coco_faiss_uniir_image_coco_faiss,R5,openclip_text,uniir_image,337,967,2896,4200,3456,-407,0.4907975460122699
openclip_text_coco_faiss_uniir_image_coco_faiss,R10,openclip_text,uniir_image,243,820,3465,4528,4052,-233,0.5362182502351834
openclip_text_coco_faiss_uniir_joint-image-text_coco_faiss,R1,openclip_text,uniir_joint-image-text,232,814,1952,2998,2221,-545,0.4579349904397705
openclip_text_coco_faiss_uniir_joint-image-text_coco_faiss,R5,openclip_text,uniir_joint-image-text,176,737,3057,3970,3822,28,0.7447973713033954
openclip_text_coco_faiss_uniir_joint-image-text_coco_faiss,R10,openclip_text,uniir_joint-image-text,129,610,3579,4318,4301,112,0.8213802435723951
openclip_text_coco_faiss_uniir_text_coco_faiss,R1,openclip_text,uniir_text,305,370,1879,2554,1955,-294,0.4311111111111111
openclip_text_coco_faiss_uniir_text_coco_faiss,R5,openclip_text,uniir_text,275,446,2958,3679,3425,21,0.6560332871012483
openclip_text_coco_faiss_uniir_text_coco_faiss,R10,openclip_text,uniir_text,229,351,3479,4059,3974,144,0.7241379310344828
results_rrf_flava_image_coco_faiss_uniir_image_coco_faiss,R1,flava_image,uniir_image,480,1058,1483,3021,2580,39,0.5981794538361509
results_rrf_flava_image_coco_faiss_uniir_image_coco_faiss,R5,flava_image,uniir_image,351,725,3140,4216,3953,88,0.6886617100371747
results_rrf_flava_image_coco_faiss_uniir_image_coco_faiss,R10,flava_image,uniir_image,262,552,3735,4549,4363,76,0.7211302211302212
results_rrf_flava_image_coco_faiss_clip_image_coco_faiss,R1,flava_image,clip_image,772,692,1191,2655,2333,370,0.6086065573770492
results_rrf_flava_image_coco_faiss_clip_image_coco_faiss,R5,flava_image,clip_image,825,453,2666,3944,3644,153,0.6799687010954617
results_rrf_flava_image_coco_faiss_clip_image_coco_faiss,R10,flava_image,clip_image,718,338,3279,4335,4092,95,0.7054924242424242
results_rrf_uniir_image_coco_faiss_clip_image_coco_faiss,R1,uniir_image,clip_image,1053,395,1488,2936,2367,-174,0.5172651933701657
results_rrf_uniir_image_coco_faiss_clip_image_coco_faiss,R5,uniir_image,clip_image,983,237,2882,4102,3680,-185,0.6098360655737705
results_rrf_uniir_image_coco_faiss_clip_image_coco_faiss,R10,uniir_image,clip_image,846,176,3441,4463,4127,-160,0.6409001956947162
results_rrf_clip_image_coco_faiss_clip_text_coco_faiss,R1,clip_image,clip_text,703,764,1180,2647,1716,-228,0.3878663940013633
results_rrf_clip_image_coco_faiss_clip_text_coco_faiss,R5,clip_image,clip_text,790,658,2329,3777,3193,74,0.5524861878453039
results_rrf_clip_image_coco_faiss_clip_text_coco_faiss,R10,clip_image,clip_text,737,578,2880,4195,3821,204,0.6456273764258555
