run_id,index_type,search_setting,search_param_name,search_param_value,method_file,top_n,num_queries,mean_accuracy,mean_overlap_count,mean_method_prefix_len
hnsw/root/clip_hnsw_m16_efc100.json,hnsw,root,setting,,clip_hnsw_m16_efc100.json,100,1000,0.5418599999999997,54.186,99.564
hnsw/root/clip_hnsw_m16_efc200.json,hnsw,root,setting,,clip_hnsw_m16_efc200.json,100,1000,0.5866399999999995,58.664,99.692
hnsw/root/clip_hnsw_m32_efc100.json,hnsw,root,setting,,clip_hnsw_m32_efc100.json,100,1000,0.5614899999999993,56.149,99.997
hnsw/root/clip_hnsw_m32_efc200.json,hnsw,root,setting,,clip_hnsw_m32_efc200.json,100,1000,0.6615699999999998,66.157,99.74
hnsw/root/clip_hnsw_m48_efc400.json,hnsw,root,setting,,clip_hnsw_m48_efc400.json,100,1000,0.7387400000000005,73.874,100.0
hnsw/root/clip_hnsw_m64_efc200.json,hnsw,root,setting,,clip_hnsw_m64_efc200.json,100,1000,0.6502000000000002,65.02,100.0
hnsw/root/clip_hnsw_m64_efc400.json,hnsw,root,setting,,clip_hnsw_m64_efc400.json,100,1000,0.6810700000000006,68.107,100.0
ivfpq/root/clip_ivfpq_nlist2048_m16_nbits8.json,ivfpq,root,setting,,clip_ivfpq_nlist2048_m16_nbits8.json,100,1000,0.11065999999999995,11.066,100.0
ivfpq/root/clip_ivfpq_nlist4096_m16_nbits8.json,ivfpq,root,setting,,clip_ivfpq_nlist4096_m16_nbits8.json,100,1000,0.13106999999999996,13.107,100.0
ivfpq/root/clip_ivfpq_nlist4096_m32_nbits8.json,ivfpq,root,setting,,clip_ivfpq_nlist4096_m32_nbits8.json,100,1000,0.22055000000000013,22.055,100.0
ivfpq/root/clip_ivfpq_nlist4096_m64_nbits8.json,ivfpq,root,setting,,clip_ivfpq_nlist4096_m64_nbits8.json,100,1000,0.35598999999999936,35.599,100.0
ivfpq/root/clip_ivfpq_nlist8192_m16_nbits8.json,ivfpq,root,setting,,clip_ivfpq_nlist8192_m16_nbits8.json,100,1000,0.15383999999999987,15.384,100.0
ivfpq/root/clip_ivfpq_nlist8192_m32_nbits8.json,ivfpq,root,setting,,clip_ivfpq_nlist8192_m32_nbits8.json,100,1000,0.2383700000000004,23.837,100.0
ivfpq/root/clip_ivfpq_nlist8192_m64_nbits8.json,ivfpq,root,setting,,clip_ivfpq_nlist8192_m64_nbits8.json,100,1000,0.3679200000000003,36.792,100.0
hnsw/efsearch_1024/clip_hnsw_m16_efc100.json,hnsw,efsearch_1024,efsearch,1024,clip_hnsw_m16_efc100.json,100,1000,0.7529500000000032,75.295,99.564
hnsw/efsearch_1024/clip_hnsw_m16_efc200.json,hnsw,efsearch_1024,efsearch,1024,clip_hnsw_m16_efc200.json,100,1000,0.7752100000000028,77.521,99.692
hnsw/efsearch_1024/clip_hnsw_m32_efc100.json,hnsw,efsearch_1024,efsearch,1024,clip_hnsw_m32_efc100.json,100,1000,0.7328000000000005,73.28,99.997
hnsw/efsearch_1024/clip_hnsw_m32_efc200.json,hnsw,efsearch_1024,efsearch,1024,clip_hnsw_m32_efc200.json,100,1000,0.8290500000000041,82.905,99.74
hnsw/efsearch_1024/clip_hnsw_m48_efc400.json,hnsw,efsearch_1024,efsearch,1024,clip_hnsw_m48_efc400.json,100,1000,0.8921500000000039,89.215,100.0
hnsw/efsearch_1024/clip_hnsw_m64_efc200.json,hnsw,efsearch_1024,efsearch,1024,clip_hnsw_m64_efc200.json,100,1000,0.8165500000000041,81.655,100.0
hnsw/efsearch_1024/clip_hnsw_m64_efc400.json,hnsw,efsearch_1024,efsearch,1024,clip_hnsw_m64_efc400.json,100,1000,0.8317500000000035,83.175,100.0
hnsw/efsearch_1024/clip_hnsw_m64_efc800.json,hnsw,efsearch_1024,efsearch,1024,clip_hnsw_m64_efc800.json,100,1000,0.8494700000000044,84.947,100.0
hnsw/efsearch_1024/clip_hnsw_m80_efc1200.json,hnsw,efsearch_1024,efsearch,1024,clip_hnsw_m80_efc1200.json,100,1000,0.716280000000003,71.628,100.0
hnsw/efsearch_2048/clip_hnsw_m16_efc100.json,hnsw,efsearch_2048,efsearch,2048,clip_hnsw_m16_efc100.json,100,1000,0.7840200000000032,78.402,99.564
hnsw/efsearch_2048/clip_hnsw_m16_efc200.json,hnsw,efsearch_2048,efsearch,2048,clip_hnsw_m16_efc200.json,100,1000,0.799190000000004,79.919,99.692
hnsw/efsearch_2048/clip_hnsw_m32_efc100.json,hnsw,efsearch_2048,efsearch,2048,clip_hnsw_m32_efc100.json,100,1000,0.7540800000000012,75.408,99.997
hnsw/efsearch_2048/clip_hnsw_m32_efc200.json,hnsw,efsearch_2048,efsearch,2048,clip_hnsw_m32_efc200.json,100,1000,0.8491600000000052,84.916,99.74
hnsw/efsearch_2048/clip_hnsw_m48_efc400.json,hnsw,efsearch_2048,efsearch,2048,clip_hnsw_m48_efc400.json,100,1000,0.9072500000000043,90.725,100.0
hnsw/efsearch_2048/clip_hnsw_m64_efc200.json,hnsw,efsearch_2048,efsearch,2048,clip_hnsw_m64_efc200.json,100,1000,0.8360300000000044,83.603,100.0
hnsw/efsearch_2048/clip_hnsw_m64_efc400.json,hnsw,efsearch_2048,efsearch,2048,clip_hnsw_m64_efc400.json,100,1000,0.8503900000000038,85.039,100.0
hnsw/efsearch_2048/clip_hnsw_m64_efc800.json,hnsw,efsearch_2048,efsearch,2048,clip_hnsw_m64_efc800.json,100,1000,0.8668500000000048,86.685,100.0
hnsw/efsearch_2048/clip_hnsw_m80_efc1200.json,hnsw,efsearch_2048,efsearch,2048,clip_hnsw_m80_efc1200.json,100,1000,0.7339200000000029,73.392,100.0
hnsw/efsearch_256/clip_hnsw_m16_efc100.json,hnsw,efsearch_256,efsearch,256,clip_hnsw_m16_efc100.json,100,1000,0.6417600000000009,64.176,99.564
hnsw/efsearch_256/clip_hnsw_m16_efc200.json,hnsw,efsearch_256,efsearch,256,clip_hnsw_m16_efc200.json,100,1000,0.677,67.7,99.692
hnsw/efsearch_256/clip_hnsw_m32_efc100.json,hnsw,efsearch_256,efsearch,256,clip_hnsw_m32_efc100.json,100,1000,0.64418,64.418,99.997
hnsw/efsearch_256/clip_hnsw_m32_efc200.json,hnsw,efsearch_256,efsearch,256,clip_hnsw_m32_efc200.json,100,1000,0.7488500000000009,74.885,99.74
hnsw/efsearch_256/clip_hnsw_m48_efc400.json,hnsw,efsearch_256,efsearch,256,clip_hnsw_m48_efc400.json,100,1000,0.816970000000002,81.697,100.0
hnsw/efsearch_256/clip_hnsw_m64_efc200.json,hnsw,efsearch_256,efsearch,256,clip_hnsw_m64_efc200.json,100,1000,0.7324700000000007,73.247,100.0
hnsw/efsearch_256/clip_hnsw_m64_efc400.json,hnsw,efsearch_256,efsearch,256,clip_hnsw_m64_efc400.json,100,1000,0.7581000000000029,75.81,100.0
hnsw/efsearch_4096/clip_hnsw_m64_efc800.json,hnsw,efsearch_4096,efsearch,4096,clip_hnsw_m64_efc800.json,100,1000,0.8743400000000037,87.434,100.0
hnsw/efsearch_4096/clip_hnsw_m80_efc1200.json,hnsw,efsearch_4096,efsearch,4096,clip_hnsw_m80_efc1200.json,100,1000,0.7405100000000026,74.051,100.0
hnsw/efsearch_512/clip_hnsw_m16_efc100.json,hnsw,efsearch_512,efsearch,512,clip_hnsw_m16_efc100.json,100,1000,0.7132700000000017,71.327,99.564
hnsw/efsearch_512/clip_hnsw_m16_efc200.json,hnsw,efsearch_512,efsearch,512,clip_hnsw_m16_efc200.json,100,1000,0.7378100000000029,73.781,99.692
hnsw/efsearch_512/clip_hnsw_m32_efc100.json,hnsw,efsearch_512,efsearch,512,clip_hnsw_m32_efc100.json,100,1000,0.7000599999999997,70.006,99.997
hnsw/efsearch_512/clip_hnsw_m32_efc200.json,hnsw,efsearch_512,efsearch,512,clip_hnsw_m32_efc200.json,100,1000,0.7985200000000023,79.852,99.74
hnsw/efsearch_512/clip_hnsw_m48_efc400.json,hnsw,efsearch_512,efsearch,512,clip_hnsw_m48_efc400.json,100,1000,0.8606000000000037,86.06,100.0
hnsw/efsearch_512/clip_hnsw_m64_efc200.json,hnsw,efsearch_512,efsearch,512,clip_hnsw_m64_efc200.json,100,1000,0.7827600000000037,78.276,100.0
hnsw/efsearch_512/clip_hnsw_m64_efc400.json,hnsw,efsearch_512,efsearch,512,clip_hnsw_m64_efc400.json,100,1000,0.802560000000004,80.256,100.0
ivfpq/nprobe_1024/clip_ivfpq_fac_opq192_ivf16384_pq192.json,ivfpq,nprobe_1024,nprobe,1024,clip_ivfpq_fac_opq192_ivf16384_pq192.json,100,1000,0.7890899999999984,78.909,100.0
ivfpq/nprobe_1024/clip_ivfpq_fac_opq192_ivf32768_pq192.json,ivfpq,nprobe_1024,nprobe,1024,clip_ivfpq_fac_opq192_ivf32768_pq192.json,100,1000,0.7902800000000003,79.028,100.0
ivfpq/nprobe_1024/clip_ivfpq_fac_opq256_ivf16384_pq256.json,ivfpq,nprobe_1024,nprobe,1024,clip_ivfpq_fac_opq256_ivf16384_pq256.json,100,1000,0.8264699999999994,82.647,100.0
ivfpq/nprobe_1024/clip_ivfpq_fac_opq256_ivf32768_pq256.json,ivfpq,nprobe_1024,nprobe,1024,clip_ivfpq_fac_opq256_ivf32768_pq256.json,100,1000,0.8255299999999992,82.553,100.0
ivfpq/nprobe_1024/clip_ivfpq_nlist16384_m96_nbits8.json,ivfpq,nprobe_1024,nprobe,1024,clip_ivfpq_nlist16384_m96_nbits8.json,100,1000,0.5209800000000002,52.098,100.0
ivfpq/nprobe_1024/clip_ivfpq_nlist32768_m96_nbits8.json,ivfpq,nprobe_1024,nprobe,1024,clip_ivfpq_nlist32768_m96_nbits8.json,100,1000,0.5314600000000004,53.146,100.0
ivfpq/nprobe_128/clip_ivfpq_nlist2048_m16_nbits8.json,ivfpq,nprobe_128,nprobe,128,clip_ivfpq_nlist2048_m16_nbits8.json,100,1000,0.11093,11.093,100.0
ivfpq/nprobe_128/clip_ivfpq_nlist4096_m16_nbits8.json,ivfpq,nprobe_128,nprobe,128,clip_ivfpq_nlist4096_m16_nbits8.json,100,1000,0.13121999999999998,13.122,100.0
ivfpq/nprobe_128/clip_ivfpq_nlist4096_m32_nbits8.json,ivfpq,nprobe_128,nprobe,128,clip_ivfpq_nlist4096_m32_nbits8.json,100,1000,0.22250000000000017,22.25,100.0
ivfpq/nprobe_128/clip_ivfpq_nlist4096_m64_nbits8.json,ivfpq,nprobe_128,nprobe,128,clip_ivfpq_nlist4096_m64_nbits8.json,100,1000,0.3719299999999995,37.193,100.0
ivfpq/nprobe_128/clip_ivfpq_nlist8192_m16_nbits8.json,ivfpq,nprobe_128,nprobe,128,clip_ivfpq_nlist8192_m16_nbits8.json,100,1000,0.15424999999999978,15.425,100.0
ivfpq/nprobe_128/clip_ivfpq_nlist8192_m32_nbits8.json,ivfpq,nprobe_128,nprobe,128,clip_ivfpq_nlist8192_m32_nbits8.json,100,1000,0.2415200000000003,24.152,100.0
ivfpq/nprobe_128/clip_ivfpq_nlist8192_m64_nbits8.json,ivfpq,nprobe_128,nprobe,128,clip_ivfpq_nlist8192_m64_nbits8.json,100,1000,0.38683000000000034,38.683,100.0
ivfpq/nprobe_16384/clip_ivfpq_fac_opq192_ivf16384_pq192.json,ivfpq,nprobe_16384,nprobe,16384,clip_ivfpq_fac_opq192_ivf16384_pq192.json,100,1000,0.7962199999999987,79.622,100.0
ivfpq/nprobe_16384/clip_ivfpq_fac_opq192_ivf32768_pq192.json,ivfpq,nprobe_16384,nprobe,16384,clip_ivfpq_fac_opq192_ivf32768_pq192.json,100,1000,0.8000399999999999,80.004,100.0
ivfpq/nprobe_16384/clip_ivfpq_fac_opq256_ivf16384_pq256.json,ivfpq,nprobe_16384,nprobe,16384,clip_ivfpq_fac_opq256_ivf16384_pq256.json,100,1000,0.835109999999999,83.511,100.0
ivfpq/nprobe_16384/clip_ivfpq_fac_opq256_ivf32768_pq256.json,ivfpq,nprobe_16384,nprobe,16384,clip_ivfpq_fac_opq256_ivf32768_pq256.json,100,1000,0.83765,83.765,100.0
ivfpq/nprobe_16384/clip_ivfpq_nlist16384_m96_nbits8.json,ivfpq,nprobe_16384,nprobe,16384,clip_ivfpq_nlist16384_m96_nbits8.json,100,1000,0.5214900000000001,52.149,100.0
ivfpq/nprobe_16384/clip_ivfpq_nlist32768_m96_nbits8.json,ivfpq,nprobe_16384,nprobe,16384,clip_ivfpq_nlist32768_m96_nbits8.json,100,1000,0.5322400000000005,53.224,100.0
ivfpq/nprobe_2048/clip_ivfpq_fac_opq192_ivf16384_pq192.json,ivfpq,nprobe_2048,nprobe,2048,clip_ivfpq_fac_opq192_ivf16384_pq192.json,100,1000,0.793129999999999,79.313,100.0
ivfpq/nprobe_2048/clip_ivfpq_fac_opq192_ivf32768_pq192.json,ivfpq,nprobe_2048,nprobe,2048,clip_ivfpq_fac_opq192_ivf32768_pq192.json,100,1000,0.7955799999999998,79.558,100.0
ivfpq/nprobe_2048/clip_ivfpq_fac_opq256_ivf16384_pq256.json,ivfpq,nprobe_2048,nprobe,2048,clip_ivfpq_fac_opq256_ivf16384_pq256.json,100,1000,0.8313899999999996,83.139,100.0
ivfpq/nprobe_2048/clip_ivfpq_fac_opq256_ivf32768_pq256.json,ivfpq,nprobe_2048,nprobe,2048,clip_ivfpq_fac_opq256_ivf32768_pq256.json,100,1000,0.8317299999999995,83.173,100.0
ivfpq/nprobe_2048/clip_ivfpq_nlist16384_m96_nbits8.json,ivfpq,nprobe_2048,nprobe,2048,clip_ivfpq_nlist16384_m96_nbits8.json,100,1000,0.5213500000000002,52.135,100.0
ivfpq/nprobe_2048/clip_ivfpq_nlist32768_m96_nbits8.json,ivfpq,nprobe_2048,nprobe,2048,clip_ivfpq_nlist32768_m96_nbits8.json,100,1000,0.5319700000000004,53.197,100.0
ivfpq/nprobe_256/clip_ivfpq_nlist2048_m16_nbits8.json,ivfpq,nprobe_256,nprobe,256,clip_ivfpq_nlist2048_m16_nbits8.json,100,1000,0.11093,11.093,100.0
ivfpq/nprobe_256/clip_ivfpq_nlist4096_m16_nbits8.json,ivfpq,nprobe_256,nprobe,256,clip_ivfpq_nlist4096_m16_nbits8.json,100,1000,0.13121999999999998,13.122,100.0
ivfpq/nprobe_256/clip_ivfpq_nlist4096_m32_nbits8.json,ivfpq,nprobe_256,nprobe,256,clip_ivfpq_nlist4096_m32_nbits8.json,100,1000,0.22254000000000015,22.254,100.0
ivfpq/nprobe_256/clip_ivfpq_nlist4096_m64_nbits8.json,ivfpq,nprobe_256,nprobe,256,clip_ivfpq_nlist4096_m64_nbits8.json,100,1000,0.3725999999999995,37.26,100.0
ivfpq/nprobe_256/clip_ivfpq_nlist8192_m16_nbits8.json,ivfpq,nprobe_256,nprobe,256,clip_ivfpq_nlist8192_m16_nbits8.json,100,1000,0.15424999999999978,15.425,100.0
ivfpq/nprobe_256/clip_ivfpq_nlist8192_m32_nbits8.json,ivfpq,nprobe_256,nprobe,256,clip_ivfpq_nlist8192_m32_nbits8.json,100,1000,0.2415700000000003,24.157,100.0
ivfpq/nprobe_256/clip_ivfpq_nlist8192_m64_nbits8.json,ivfpq,nprobe_256,nprobe,256,clip_ivfpq_nlist8192_m64_nbits8.json,100,1000,0.38779000000000036,38.779,100.0
ivfpq/nprobe_32/clip_ivfpq_nlist2048_m16_nbits8.json,ivfpq,nprobe_32,nprobe,32,clip_ivfpq_nlist2048_m16_nbits8.json,100,1000,0.11089,11.089,100.0
ivfpq/nprobe_32/clip_ivfpq_nlist4096_m16_nbits8.json,ivfpq,nprobe_32,nprobe,32,clip_ivfpq_nlist4096_m16_nbits8.json,100,1000,0.13118,13.118,100.0
ivfpq/nprobe_32/clip_ivfpq_nlist4096_m32_nbits8.json,ivfpq,nprobe_32,nprobe,32,clip_ivfpq_nlist4096_m32_nbits8.json,100,1000,0.22200000000000014,22.2,100.0
ivfpq/nprobe_32/clip_ivfpq_nlist4096_m64_nbits8.json,ivfpq,nprobe_32,nprobe,32,clip_ivfpq_nlist4096_m64_nbits8.json,100,1000,0.36512999999999934,36.513,100.0
ivfpq/nprobe_32/clip_ivfpq_nlist8192_m16_nbits8.json,ivfpq,nprobe_32,nprobe,32,clip_ivfpq_nlist8192_m16_nbits8.json,100,1000,0.15412999999999977,15.413,100.0
ivfpq/nprobe_32/clip_ivfpq_nlist8192_m32_nbits8.json,ivfpq,nprobe_32,nprobe,32,clip_ivfpq_nlist8192_m32_nbits8.json,100,1000,0.24073000000000033,24.073,100.0
ivfpq/nprobe_32/clip_ivfpq_nlist8192_m64_nbits8.json,ivfpq,nprobe_32,nprobe,32,clip_ivfpq_nlist8192_m64_nbits8.json,100,1000,0.37959000000000087,37.959,100.0
ivfpq/nprobe_32768/clip_ivfpq_fac_opq192_ivf16384_pq192.json,ivfpq,nprobe_32768,nprobe,32768,clip_ivfpq_fac_opq192_ivf16384_pq192.json,100,1000,0.7962199999999987,79.622,100.0
ivfpq/nprobe_32768/clip_ivfpq_fac_opq192_ivf32768_pq192.json,ivfpq,nprobe_32768,nprobe,32768,clip_ivfpq_fac_opq192_ivf32768_pq192.json,100,1000,0.8001199999999996,80.012,100.0
ivfpq/nprobe_32768/clip_ivfpq_fac_opq256_ivf16384_pq256.json,ivfpq,nprobe_32768,nprobe,32768,clip_ivfpq_fac_opq256_ivf16384_pq256.json,100,1000,0.835109999999999,83.511,100.0
ivfpq/nprobe_32768/clip_ivfpq_fac_opq256_ivf32768_pq256.json,ivfpq,nprobe_32768,nprobe,32768,clip_ivfpq_fac_opq256_ivf32768_pq256.json,100,1000,0.8377400000000002,83.774,100.0
ivfpq/nprobe_32768/clip_ivfpq_nlist16384_m96_nbits8.json,ivfpq,nprobe_32768,nprobe,32768,clip_ivfpq_nlist16384_m96_nbits8.json,100,1000,0.5214900000000001,52.149,100.0
ivfpq/nprobe_32768/clip_ivfpq_nlist32768_m96_nbits8.json,ivfpq,nprobe_32768,nprobe,32768,clip_ivfpq_nlist32768_m96_nbits8.json,100,1000,0.5322400000000005,53.224,100.0
ivfpq/nprobe_4096/clip_ivfpq_fac_opq192_ivf16384_pq192.json,ivfpq,nprobe_4096,nprobe,4096,clip_ivfpq_fac_opq192_ivf16384_pq192.json,100,1000,0.7952399999999988,79.524,100.0
ivfpq/nprobe_4096/clip_ivfpq_fac_opq192_ivf32768_pq192.json,ivfpq,nprobe_4096,nprobe,4096,clip_ivfpq_fac_opq192_ivf32768_pq192.json,100,1000,0.7981199999999999,79.812,100.0
ivfpq/nprobe_4096/clip_ivfpq_fac_opq256_ivf16384_pq256.json,ivfpq,nprobe_4096,nprobe,4096,clip_ivfpq_fac_opq256_ivf16384_pq256.json,100,1000,0.8336199999999993,83.362,100.0
ivfpq/nprobe_4096/clip_ivfpq_fac_opq256_ivf32768_pq256.json,ivfpq,nprobe_4096,nprobe,4096,clip_ivfpq_fac_opq256_ivf32768_pq256.json,100,1000,0.8353099999999997,83.531,100.0
ivfpq/nprobe_4096/clip_ivfpq_nlist16384_m96_nbits8.json,ivfpq,nprobe_4096,nprobe,4096,clip_ivfpq_nlist16384_m96_nbits8.json,100,1000,0.5214300000000002,52.143,100.0
ivfpq/nprobe_4096/clip_ivfpq_nlist32768_m96_nbits8.json,ivfpq,nprobe_4096,nprobe,4096,clip_ivfpq_nlist32768_m96_nbits8.json,100,1000,0.5321600000000005,53.216,100.0
ivfpq/nprobe_512/clip_ivfpq_nlist16384_m96_nbits8.json,ivfpq,nprobe_512,nprobe,512,clip_ivfpq_nlist16384_m96_nbits8.json,100,1000,0.5200600000000003,52.006,100.0
ivfpq/nprobe_512/clip_ivfpq_nlist32768_m96_nbits8.json,ivfpq,nprobe_512,nprobe,512,clip_ivfpq_nlist32768_m96_nbits8.json,100,1000,0.5303000000000005,53.03,100.0
ivfpq/nprobe_64/clip_ivfpq_nlist2048_m16_nbits8.json,ivfpq,nprobe_64,nprobe,64,clip_ivfpq_nlist2048_m16_nbits8.json,100,1000,0.11092,11.092,100.0
ivfpq/nprobe_64/clip_ivfpq_nlist4096_m16_nbits8.json,ivfpq,nprobe_64,nprobe,64,clip_ivfpq_nlist4096_m16_nbits8.json,100,1000,0.13119999999999996,13.12,100.0
ivfpq/nprobe_64/clip_ivfpq_nlist4096_m32_nbits8.json,ivfpq,nprobe_64,nprobe,64,clip_ivfpq_nlist4096_m32_nbits8.json,100,1000,0.2223600000000002,22.236,100.0
ivfpq/nprobe_64/clip_ivfpq_nlist4096_m64_nbits8.json,ivfpq,nprobe_64,nprobe,64,clip_ivfpq_nlist4096_m64_nbits8.json,100,1000,0.3691399999999994,36.914,100.0
ivfpq/nprobe_64/clip_ivfpq_nlist8192_m16_nbits8.json,ivfpq,nprobe_64,nprobe,64,clip_ivfpq_nlist8192_m16_nbits8.json,100,1000,0.15421999999999977,15.422,100.0
ivfpq/nprobe_64/clip_ivfpq_nlist8192_m32_nbits8.json,ivfpq,nprobe_64,nprobe,64,clip_ivfpq_nlist8192_m32_nbits8.json,100,1000,0.2413400000000003,24.134,100.0
ivfpq/nprobe_64/clip_ivfpq_nlist8192_m64_nbits8.json,ivfpq,nprobe_64,nprobe,64,clip_ivfpq_nlist8192_m64_nbits8.json,100,1000,0.38463000000000014,38.463,100.0
ivfpq/nprobe_8192/clip_ivfpq_fac_opq192_ivf16384_pq192.json,ivfpq,nprobe_8192,nprobe,8192,clip_ivfpq_fac_opq192_ivf16384_pq192.json,100,1000,0.7960999999999987,79.61,100.0
ivfpq/nprobe_8192/clip_ivfpq_fac_opq192_ivf32768_pq192.json,ivfpq,nprobe_8192,nprobe,8192,clip_ivfpq_fac_opq192_ivf32768_pq192.json,100,1000,0.7994199999999999,79.942,100.0
ivfpq/nprobe_8192/clip_ivfpq_fac_opq256_ivf16384_pq256.json,ivfpq,nprobe_8192,nprobe,8192,clip_ivfpq_fac_opq256_ivf16384_pq256.json,100,1000,0.8349299999999992,83.493,100.0
ivfpq/nprobe_8192/clip_ivfpq_fac_opq256_ivf32768_pq256.json,ivfpq,nprobe_8192,nprobe,8192,clip_ivfpq_fac_opq256_ivf32768_pq256.json,100,1000,0.8368800000000001,83.688,100.0
ivfpq/nprobe_8192/clip_ivfpq_nlist16384_m96_nbits8.json,ivfpq,nprobe_8192,nprobe,8192,clip_ivfpq_nlist16384_m96_nbits8.json,100,1000,0.5214800000000002,52.148,100.0
ivfpq/nprobe_8192/clip_ivfpq_nlist32768_m96_nbits8.json,ivfpq,nprobe_8192,nprobe,8192,clip_ivfpq_nlist32768_m96_nbits8.json,100,1000,0.5322200000000005,53.222,100.0
