dataset,model_label,k,recall
coco,$CLIP_{\mathrm{Image}}$,1,37.66
coco,$CLIP_{\mathrm{Image}}$,2,48.120000000000005
coco,$CLIP_{\mathrm{Image}}$,3,54.559999999999995
coco,$CLIP_{\mathrm{Image}}$,4,59.160000000000004
coco,$CLIP_{\mathrm{Image}}$,5,62.38
coco,$CLIP_{\mathrm{Image}}$,6,65.14
coco,$CLIP_{\mathrm{Image}}$,7,67.14
coco,$CLIP_{\mathrm{Image}}$,8,69.3
coco,$CLIP_{\mathrm{Image}}$,9,70.84
coco,$CLIP_{\mathrm{Image}}$,10,72.38
coco,$CLIP_{\mathrm{Image}}$,11,73.74000000000001
coco,$CLIP_{\mathrm{Image}}$,12,74.9
coco,$CLIP_{\mathrm{Image}}$,13,75.82
coco,$CLIP_{\mathrm{Image}}$,14,76.68
coco,$CLIP_{\mathrm{Image}}$,15,77.62
coco,$CLIP_{\mathrm{Image}}$,16,78.52
coco,$CLIP_{\mathrm{Image}}$,17,79.24
coco,$CLIP_{\mathrm{Image}}$,18,79.88
coco,$CLIP_{\mathrm{Image}}$,19,80.62
coco,$CLIP_{\mathrm{Image}}$,20,81.22
coco,$CLIP_{\mathrm{Image}}$,21,82.04
coco,$CLIP_{\mathrm{Image}}$,22,82.46
coco,$CLIP_{\mathrm{Image}}$,23,82.94
coco,$CLIP_{\mathrm{Image}}$,24,83.39999999999999
coco,$CLIP_{\mathrm{Image}}$,25,83.88
coco,$CLIP_{\mathrm{Image}}$,26,84.42
coco,$CLIP_{\mathrm{Image}}$,27,84.76
coco,$CLIP_{\mathrm{Image}}$,28,85.2
coco,$CLIP_{\mathrm{Image}}$,29,85.61999999999999
coco,$CLIP_{\mathrm{Image}}$,30,85.98
coco,$CLIP_{\mathrm{Image}}$,31,86.26
coco,$CLIP_{\mathrm{Image}}$,32,86.5
coco,$CLIP_{\mathrm{Image}}$,33,86.94
coco,$CLIP_{\mathrm{Image}}$,34,87.26
coco,$CLIP_{\mathrm{Image}}$,35,87.74
coco,$CLIP_{\mathrm{Image}}$,36,88.08
coco,$CLIP_{\mathrm{Image}}$,37,88.34
coco,$CLIP_{\mathrm{Image}}$,38,88.62
coco,$CLIP_{\mathrm{Image}}$,39,88.98
coco,$CLIP_{\mathrm{Image}}$,40,89.34
coco,$CLIP_{\mathrm{Image}}$,41,89.64
coco,$CLIP_{\mathrm{Image}}$,42,90.02
coco,$CLIP_{\mathrm{Image}}$,43,90.24
coco,$CLIP_{\mathrm{Image}}$,44,90.52
coco,$CLIP_{\mathrm{Image}}$,45,90.7
coco,$CLIP_{\mathrm{Image}}$,46,90.88000000000001
coco,$CLIP_{\mathrm{Image}}$,47,91.12
coco,$CLIP_{\mathrm{Image}}$,48,91.32000000000001
coco,$CLIP_{\mathrm{Image}}$,49,91.52
coco,$CLIP_{\mathrm{Image}}$,50,91.8
coco,$CLIP_{\mathrm{Image}}$,51,92.08
coco,$CLIP_{\mathrm{Image}}$,52,92.28
coco,$CLIP_{\mathrm{Image}}$,53,92.5
coco,$CLIP_{\mathrm{Image}}$,54,92.74
coco,$CLIP_{\mathrm{Image}}$,55,92.92
coco,$CLIP_{\mathrm{Image}}$,56,93.08
coco,$CLIP_{\mathrm{Image}}$,57,93.26
coco,$CLIP_{\mathrm{Image}}$,58,93.47999999999999
coco,$CLIP_{\mathrm{Image}}$,59,93.56
coco,$CLIP_{\mathrm{Image}}$,60,93.66
coco,$CLIP_{\mathrm{Image}}$,61,93.76
coco,$CLIP_{\mathrm{Image}}$,62,93.88
coco,$CLIP_{\mathrm{Image}}$,63,93.92
coco,$CLIP_{\mathrm{Image}}$,64,94.06
coco,$CLIP_{\mathrm{Image}}$,65,94.17999999999999
coco,$CLIP_{\mathrm{Image}}$,66,94.26
coco,$CLIP_{\mathrm{Image}}$,67,94.44
coco,$CLIP_{\mathrm{Image}}$,68,94.64
coco,$CLIP_{\mathrm{Image}}$,69,94.74000000000001
coco,$CLIP_{\mathrm{Image}}$,70,94.92
coco,$CLIP_{\mathrm{Image}}$,71,94.98
coco,$CLIP_{\mathrm{Image}}$,72,95.08
coco,$CLIP_{\mathrm{Image}}$,73,95.16
coco,$CLIP_{\mathrm{Image}}$,74,95.24000000000001
coco,$CLIP_{\mathrm{Image}}$,75,95.38
coco,$CLIP_{\mathrm{Image}}$,76,95.48
coco,$CLIP_{\mathrm{Image}}$,77,95.67999999999999
coco,$CLIP_{\mathrm{Image}}$,78,95.67999999999999
coco,$CLIP_{\mathrm{Image}}$,79,95.76
coco,$CLIP_{\mathrm{Image}}$,80,95.82000000000001
coco,$CLIP_{\mathrm{Image}}$,81,95.92
coco,$CLIP_{\mathrm{Image}}$,82,96.02000000000001
coco,$CLIP_{\mathrm{Image}}$,83,96.14
coco,$CLIP_{\mathrm{Image}}$,84,96.17999999999999
coco,$CLIP_{\mathrm{Image}}$,85,96.24000000000001
coco,$CLIP_{\mathrm{Image}}$,86,96.3
coco,$CLIP_{\mathrm{Image}}$,87,96.36
coco,$CLIP_{\mathrm{Image}}$,88,96.39999999999999
coco,$CLIP_{\mathrm{Image}}$,89,96.46000000000001
coco,$CLIP_{\mathrm{Image}}$,90,96.52
coco,$CLIP_{\mathrm{Image}}$,91,96.6
coco,$CLIP_{\mathrm{Image}}$,92,96.67999999999999
coco,$CLIP_{\mathrm{Image}}$,93,96.72
coco,$CLIP_{\mathrm{Image}}$,94,96.78
coco,$CLIP_{\mathrm{Image}}$,95,96.88
coco,$CLIP_{\mathrm{Image}}$,96,96.96000000000001
coco,$CLIP_{\mathrm{Image}}$,97,97.0
coco,$CLIP_{\mathrm{Image}}$,98,97.02
coco,$CLIP_{\mathrm{Image}}$,99,97.06
coco,$CLIP_{\mathrm{Image}}$,100,97.14
coco,$CLIP_{\mathrm{Text}}$,1,38.879999999999995
coco,$CLIP_{\mathrm{Text}}$,2,48.08
coco,$CLIP_{\mathrm{Text}}$,3,52.92
coco,$CLIP_{\mathrm{Text}}$,4,56.42
coco,$CLIP_{\mathrm{Text}}$,5,59.74
coco,$CLIP_{\mathrm{Text}}$,6,62.44
coco,$CLIP_{\mathrm{Text}}$,7,64.22
coco,$CLIP_{\mathrm{Text}}$,8,66.03999999999999
coco,$CLIP_{\mathrm{Text}}$,9,67.86
coco,$CLIP_{\mathrm{Text}}$,10,69.17999999999999
coco,$CLIP_{\mathrm{Text}}$,11,70.28
coco,$CLIP_{\mathrm{Text}}$,12,71.34
coco,$CLIP_{\mathrm{Text}}$,13,72.26
coco,$CLIP_{\mathrm{Text}}$,14,73.32
coco,$CLIP_{\mathrm{Text}}$,15,74.18
coco,$CLIP_{\mathrm{Text}}$,16,75.08
coco,$CLIP_{\mathrm{Text}}$,17,75.84
coco,$CLIP_{\mathrm{Text}}$,18,76.44
coco,$CLIP_{\mathrm{Text}}$,19,77.10000000000001
coco,$CLIP_{\mathrm{Text}}$,20,77.68
coco,$CLIP_{\mathrm{Text}}$,21,78.12
coco,$CLIP_{\mathrm{Text}}$,22,78.68
coco,$CLIP_{\mathrm{Text}}$,23,79.34
coco,$CLIP_{\mathrm{Text}}$,24,79.84
coco,$CLIP_{\mathrm{Text}}$,25,80.30000000000001
coco,$CLIP_{\mathrm{Text}}$,26,80.84
coco,$CLIP_{\mathrm{Text}}$,27,81.3
coco,$CLIP_{\mathrm{Text}}$,28,81.74
coco,$CLIP_{\mathrm{Text}}$,29,82.16
coco,$CLIP_{\mathrm{Text}}$,30,82.44
coco,$CLIP_{\mathrm{Text}}$,31,82.78
coco,$CLIP_{\mathrm{Text}}$,32,83.12
coco,$CLIP_{\mathrm{Text}}$,33,83.56
coco,$CLIP_{\mathrm{Text}}$,34,83.94
coco,$CLIP_{\mathrm{Text}}$,35,84.22
coco,$CLIP_{\mathrm{Text}}$,36,84.46000000000001
coco,$CLIP_{\mathrm{Text}}$,37,85.04
coco,$CLIP_{\mathrm{Text}}$,38,85.39999999999999
coco,$CLIP_{\mathrm{Text}}$,39,85.68
coco,$CLIP_{\mathrm{Text}}$,40,85.92
coco,$CLIP_{\mathrm{Text}}$,41,86.22
coco,$CLIP_{\mathrm{Text}}$,42,86.4
coco,$CLIP_{\mathrm{Text}}$,43,86.72
coco,$CLIP_{\mathrm{Text}}$,44,86.86
coco,$CLIP_{\mathrm{Text}}$,45,86.94
coco,$CLIP_{\mathrm{Text}}$,46,87.1
coco,$CLIP_{\mathrm{Text}}$,47,87.44
coco,$CLIP_{\mathrm{Text}}$,48,87.62
coco,$CLIP_{\mathrm{Text}}$,49,87.9
coco,$CLIP_{\mathrm{Text}}$,50,88.03999999999999
coco,$CLIP_{\mathrm{Text}}$,51,88.28
coco,$CLIP_{\mathrm{Text}}$,52,88.48
coco,$CLIP_{\mathrm{Text}}$,53,88.68
coco,$CLIP_{\mathrm{Text}}$,54,88.88000000000001
coco,$CLIP_{\mathrm{Text}}$,55,89.0
coco,$CLIP_{\mathrm{Text}}$,56,89.1
coco,$CLIP_{\mathrm{Text}}$,57,89.3
coco,$CLIP_{\mathrm{Text}}$,58,89.44
coco,$CLIP_{\mathrm{Text}}$,59,89.53999999999999
coco,$CLIP_{\mathrm{Text}}$,60,89.7
coco,$CLIP_{\mathrm{Text}}$,61,89.86
coco,$CLIP_{\mathrm{Text}}$,62,89.88000000000001
coco,$CLIP_{\mathrm{Text}}$,63,90.0
coco,$CLIP_{\mathrm{Text}}$,64,90.10000000000001
coco,$CLIP_{\mathrm{Text}}$,65,90.25999999999999
coco,$CLIP_{\mathrm{Text}}$,66,90.34
coco,$CLIP_{\mathrm{Text}}$,67,90.48
coco,$CLIP_{\mathrm{Text}}$,68,90.58
coco,$CLIP_{\mathrm{Text}}$,69,90.7
coco,$CLIP_{\mathrm{Text}}$,70,90.82000000000001
coco,$CLIP_{\mathrm{Text}}$,71,90.88000000000001
coco,$CLIP_{\mathrm{Text}}$,72,90.94
coco,$CLIP_{\mathrm{Text}}$,73,91.06
coco,$CLIP_{\mathrm{Text}}$,74,91.24
coco,$CLIP_{\mathrm{Text}}$,75,91.34
coco,$CLIP_{\mathrm{Text}}$,76,91.4
coco,$CLIP_{\mathrm{Text}}$,77,91.52
coco,$CLIP_{\mathrm{Text}}$,78,91.60000000000001
coco,$CLIP_{\mathrm{Text}}$,79,91.78
coco,$CLIP_{\mathrm{Text}}$,80,91.84
coco,$CLIP_{\mathrm{Text}}$,81,91.86
coco,$CLIP_{\mathrm{Text}}$,82,91.97999999999999
coco,$CLIP_{\mathrm{Text}}$,83,92.08
coco,$CLIP_{\mathrm{Text}}$,84,92.22
coco,$CLIP_{\mathrm{Text}}$,85,92.34
coco,$CLIP_{\mathrm{Text}}$,86,92.47999999999999
coco,$CLIP_{\mathrm{Text}}$,87,92.56
coco,$CLIP_{\mathrm{Text}}$,88,92.66
coco,$CLIP_{\mathrm{Text}}$,89,92.7
coco,$CLIP_{\mathrm{Text}}$,90,92.82000000000001
coco,$CLIP_{\mathrm{Text}}$,91,92.86
coco,$CLIP_{\mathrm{Text}}$,92,92.96
coco,$CLIP_{\mathrm{Text}}$,93,92.97999999999999
coco,$CLIP_{\mathrm{Text}}$,94,93.02
coco,$CLIP_{\mathrm{Text}}$,95,93.10000000000001
coco,$CLIP_{\mathrm{Text}}$,96,93.24
coco,$CLIP_{\mathrm{Text}}$,97,93.34
coco,$CLIP_{\mathrm{Text}}$,98,93.47999999999999
coco,$CLIP_{\mathrm{Text}}$,99,93.54
coco,$CLIP_{\mathrm{Text}}$,100,93.56
coco,$FLAVA_{\mathrm{Image}}$,1,39.26
coco,$FLAVA_{\mathrm{Image}}$,2,52.76
coco,$FLAVA_{\mathrm{Image}}$,3,60.58
coco,$FLAVA_{\mathrm{Image}}$,4,65.8
coco,$FLAVA_{\mathrm{Image}}$,5,69.84
coco,$FLAVA_{\mathrm{Image}}$,6,72.42
coco,$FLAVA_{\mathrm{Image}}$,7,74.82
coco,$FLAVA_{\mathrm{Image}}$,8,77.03999999999999
coco,$FLAVA_{\mathrm{Image}}$,9,78.86
coco,$FLAVA_{\mathrm{Image}}$,10,79.97999999999999
coco,$FLAVA_{\mathrm{Image}}$,11,81.46
coco,$FLAVA_{\mathrm{Image}}$,12,82.56
coco,$FLAVA_{\mathrm{Image}}$,13,83.58
coco,$FLAVA_{\mathrm{Image}}$,14,84.54
coco,$FLAVA_{\mathrm{Image}}$,15,85.34
coco,$FLAVA_{\mathrm{Image}}$,16,85.98
coco,$FLAVA_{\mathrm{Image}}$,17,86.72
coco,$FLAVA_{\mathrm{Image}}$,18,87.3
coco,$FLAVA_{\mathrm{Image}}$,19,87.82
coco,$FLAVA_{\mathrm{Image}}$,20,88.48
coco,$FLAVA_{\mathrm{Image}}$,21,89.02
coco,$FLAVA_{\mathrm{Image}}$,22,89.56
coco,$FLAVA_{\mathrm{Image}}$,23,90.18
coco,$FLAVA_{\mathrm{Image}}$,24,90.53999999999999
coco,$FLAVA_{\mathrm{Image}}$,25,90.94
coco,$FLAVA_{\mathrm{Image}}$,26,91.36
coco,$FLAVA_{\mathrm{Image}}$,27,91.7
coco,$FLAVA_{\mathrm{Image}}$,28,91.97999999999999
coco,$FLAVA_{\mathrm{Image}}$,29,92.42
coco,$FLAVA_{\mathrm{Image}}$,30,92.84
coco,$FLAVA_{\mathrm{Image}}$,31,93.08
coco,$FLAVA_{\mathrm{Image}}$,32,93.36
coco,$FLAVA_{\mathrm{Image}}$,33,93.5
coco,$FLAVA_{\mathrm{Image}}$,34,93.62
coco,$FLAVA_{\mathrm{Image}}$,35,93.96
coco,$FLAVA_{\mathrm{Image}}$,36,94.12
coco,$FLAVA_{\mathrm{Image}}$,37,94.17999999999999
coco,$FLAVA_{\mathrm{Image}}$,38,94.39999999999999
coco,$FLAVA_{\mathrm{Image}}$,39,94.52000000000001
coco,$FLAVA_{\mathrm{Image}}$,40,94.69999999999999
coco,$FLAVA_{\mathrm{Image}}$,41,94.86
coco,$FLAVA_{\mathrm{Image}}$,42,94.98
coco,$FLAVA_{\mathrm{Image}}$,43,95.1
coco,$FLAVA_{\mathrm{Image}}$,44,95.16
coco,$FLAVA_{\mathrm{Image}}$,45,95.34
coco,$FLAVA_{\mathrm{Image}}$,46,95.52000000000001
coco,$FLAVA_{\mathrm{Image}}$,47,95.74000000000001
coco,$FLAVA_{\mathrm{Image}}$,48,95.86
coco,$FLAVA_{\mathrm{Image}}$,49,95.94
coco,$FLAVA_{\mathrm{Image}}$,50,96.06
coco,$FLAVA_{\mathrm{Image}}$,51,96.2
coco,$FLAVA_{\mathrm{Image}}$,52,96.32
coco,$FLAVA_{\mathrm{Image}}$,53,96.41999999999999
coco,$FLAVA_{\mathrm{Image}}$,54,96.58
coco,$FLAVA_{\mathrm{Image}}$,55,96.74000000000001
coco,$FLAVA_{\mathrm{Image}}$,56,96.78
coco,$FLAVA_{\mathrm{Image}}$,57,96.88
coco,$FLAVA_{\mathrm{Image}}$,58,96.92
coco,$FLAVA_{\mathrm{Image}}$,59,97.02
coco,$FLAVA_{\mathrm{Image}}$,60,97.16
coco,$FLAVA_{\mathrm{Image}}$,61,97.22
coco,$FLAVA_{\mathrm{Image}}$,62,97.3
coco,$FLAVA_{\mathrm{Image}}$,63,97.34
coco,$FLAVA_{\mathrm{Image}}$,64,97.39999999999999
coco,$FLAVA_{\mathrm{Image}}$,65,97.46000000000001
coco,$FLAVA_{\mathrm{Image}}$,66,97.52
coco,$FLAVA_{\mathrm{Image}}$,67,97.64
coco,$FLAVA_{\mathrm{Image}}$,68,97.72
coco,$FLAVA_{\mathrm{Image}}$,69,97.84
coco,$FLAVA_{\mathrm{Image}}$,70,97.88
coco,$FLAVA_{\mathrm{Image}}$,71,97.89999999999999
coco,$FLAVA_{\mathrm{Image}}$,72,97.96000000000001
coco,$FLAVA_{\mathrm{Image}}$,73,98.02
coco,$FLAVA_{\mathrm{Image}}$,74,98.06
coco,$FLAVA_{\mathrm{Image}}$,75,98.16
coco,$FLAVA_{\mathrm{Image}}$,76,98.18
coco,$FLAVA_{\mathrm{Image}}$,77,98.22
coco,$FLAVA_{\mathrm{Image}}$,78,98.22
coco,$FLAVA_{\mathrm{Image}}$,79,98.22
coco,$FLAVA_{\mathrm{Image}}$,80,98.26
coco,$FLAVA_{\mathrm{Image}}$,81,98.3
coco,$FLAVA_{\mathrm{Image}}$,82,98.34
coco,$FLAVA_{\mathrm{Image}}$,83,98.36
coco,$FLAVA_{\mathrm{Image}}$,84,98.4
coco,$FLAVA_{\mathrm{Image}}$,85,98.4
coco,$FLAVA_{\mathrm{Image}}$,86,98.44000000000001
coco,$FLAVA_{\mathrm{Image}}$,87,98.5
coco,$FLAVA_{\mathrm{Image}}$,88,98.52
coco,$FLAVA_{\mathrm{Image}}$,89,98.56
coco,$FLAVA_{\mathrm{Image}}$,90,98.6
coco,$FLAVA_{\mathrm{Image}}$,91,98.61999999999999
coco,$FLAVA_{\mathrm{Image}}$,92,98.64
coco,$FLAVA_{\mathrm{Image}}$,93,98.72
coco,$FLAVA_{\mathrm{Image}}$,94,98.76
coco,$FLAVA_{\mathrm{Image}}$,95,98.78
coco,$FLAVA_{\mathrm{Image}}$,96,98.8
coco,$FLAVA_{\mathrm{Image}}$,97,98.8
coco,$FLAVA_{\mathrm{Image}}$,98,98.83999999999999
coco,$FLAVA_{\mathrm{Image}}$,99,98.88
coco,$FLAVA_{\mathrm{Image}}$,100,98.92
coco,$OpenCLIP_{\mathrm{Image}}$,1,47.42
coco,$OpenCLIP_{\mathrm{Image}}$,2,58.26
coco,$OpenCLIP_{\mathrm{Image}}$,3,64.72
coco,$OpenCLIP_{\mathrm{Image}}$,4,69.08
coco,$OpenCLIP_{\mathrm{Image}}$,5,72.11999999999999
coco,$OpenCLIP_{\mathrm{Image}}$,6,74.92
coco,$OpenCLIP_{\mathrm{Image}}$,7,76.66
coco,$OpenCLIP_{\mathrm{Image}}$,8,78.38000000000001
coco,$OpenCLIP_{\mathrm{Image}}$,9,79.75999999999999
coco,$OpenCLIP_{\mathrm{Image}}$,10,81.08
coco,$OpenCLIP_{\mathrm{Image}}$,11,82.06
coco,$OpenCLIP_{\mathrm{Image}}$,12,82.84
coco,$OpenCLIP_{\mathrm{Image}}$,13,83.78
coco,$OpenCLIP_{\mathrm{Image}}$,14,84.5
coco,$OpenCLIP_{\mathrm{Image}}$,15,85.11999999999999
coco,$OpenCLIP_{\mathrm{Image}}$,16,85.6
coco,$OpenCLIP_{\mathrm{Image}}$,17,86.26
coco,$OpenCLIP_{\mathrm{Image}}$,18,86.76
coco,$OpenCLIP_{\mathrm{Image}}$,19,87.32
coco,$OpenCLIP_{\mathrm{Image}}$,20,87.78
coco,$OpenCLIP_{\mathrm{Image}}$,21,88.12
coco,$OpenCLIP_{\mathrm{Image}}$,22,88.5
coco,$OpenCLIP_{\mathrm{Image}}$,23,88.92
coco,$OpenCLIP_{\mathrm{Image}}$,24,89.32
coco,$OpenCLIP_{\mathrm{Image}}$,25,89.82
coco,$OpenCLIP_{\mathrm{Image}}$,26,90.25999999999999
coco,$OpenCLIP_{\mathrm{Image}}$,27,90.60000000000001
coco,$OpenCLIP_{\mathrm{Image}}$,28,91.02
coco,$OpenCLIP_{\mathrm{Image}}$,29,91.3
coco,$OpenCLIP_{\mathrm{Image}}$,30,91.52
coco,$OpenCLIP_{\mathrm{Image}}$,31,91.84
coco,$OpenCLIP_{\mathrm{Image}}$,32,92.10000000000001
coco,$OpenCLIP_{\mathrm{Image}}$,33,92.25999999999999
coco,$OpenCLIP_{\mathrm{Image}}$,34,92.54
coco,$OpenCLIP_{\mathrm{Image}}$,35,92.78
coco,$OpenCLIP_{\mathrm{Image}}$,36,93.16
coco,$OpenCLIP_{\mathrm{Image}}$,37,93.36
coco,$OpenCLIP_{\mathrm{Image}}$,38,93.52000000000001
coco,$OpenCLIP_{\mathrm{Image}}$,39,93.86
coco,$OpenCLIP_{\mathrm{Image}}$,40,94.12
coco,$OpenCLIP_{\mathrm{Image}}$,41,94.26
coco,$OpenCLIP_{\mathrm{Image}}$,42,94.54
coco,$OpenCLIP_{\mathrm{Image}}$,43,94.67999999999999
coco,$OpenCLIP_{\mathrm{Image}}$,44,94.84
coco,$OpenCLIP_{\mathrm{Image}}$,45,95.02000000000001
coco,$OpenCLIP_{\mathrm{Image}}$,46,95.12
coco,$OpenCLIP_{\mathrm{Image}}$,47,95.24000000000001
coco,$OpenCLIP_{\mathrm{Image}}$,48,95.32000000000001
coco,$OpenCLIP_{\mathrm{Image}}$,49,95.44
coco,$OpenCLIP_{\mathrm{Image}}$,50,95.52000000000001
coco,$OpenCLIP_{\mathrm{Image}}$,51,95.64
coco,$OpenCLIP_{\mathrm{Image}}$,52,95.76
coco,$OpenCLIP_{\mathrm{Image}}$,53,95.84
coco,$OpenCLIP_{\mathrm{Image}}$,54,95.92
coco,$OpenCLIP_{\mathrm{Image}}$,55,96.08
coco,$OpenCLIP_{\mathrm{Image}}$,56,96.16
coco,$OpenCLIP_{\mathrm{Image}}$,57,96.24000000000001
coco,$OpenCLIP_{\mathrm{Image}}$,58,96.36
coco,$OpenCLIP_{\mathrm{Image}}$,59,96.46000000000001
coco,$OpenCLIP_{\mathrm{Image}}$,60,96.54
coco,$OpenCLIP_{\mathrm{Image}}$,61,96.64
coco,$OpenCLIP_{\mathrm{Image}}$,62,96.66
coco,$OpenCLIP_{\mathrm{Image}}$,63,96.78
coco,$OpenCLIP_{\mathrm{Image}}$,64,96.82
coco,$OpenCLIP_{\mathrm{Image}}$,65,96.92
coco,$OpenCLIP_{\mathrm{Image}}$,66,96.98
coco,$OpenCLIP_{\mathrm{Image}}$,67,97.11999999999999
coco,$OpenCLIP_{\mathrm{Image}}$,68,97.2
coco,$OpenCLIP_{\mathrm{Image}}$,69,97.24000000000001
coco,$OpenCLIP_{\mathrm{Image}}$,70,97.34
coco,$OpenCLIP_{\mathrm{Image}}$,71,97.38
coco,$OpenCLIP_{\mathrm{Image}}$,72,97.52
coco,$OpenCLIP_{\mathrm{Image}}$,73,97.56
coco,$OpenCLIP_{\mathrm{Image}}$,74,97.58
coco,$OpenCLIP_{\mathrm{Image}}$,75,97.68
coco,$OpenCLIP_{\mathrm{Image}}$,76,97.74000000000001
coco,$OpenCLIP_{\mathrm{Image}}$,77,97.78
coco,$OpenCLIP_{\mathrm{Image}}$,78,97.82
coco,$OpenCLIP_{\mathrm{Image}}$,79,97.82
coco,$OpenCLIP_{\mathrm{Image}}$,80,97.86
coco,$OpenCLIP_{\mathrm{Image}}$,81,97.89999999999999
coco,$OpenCLIP_{\mathrm{Image}}$,82,97.96000000000001
coco,$OpenCLIP_{\mathrm{Image}}$,83,97.98
coco,$OpenCLIP_{\mathrm{Image}}$,84,98.0
coco,$OpenCLIP_{\mathrm{Image}}$,85,98.02
coco,$OpenCLIP_{\mathrm{Image}}$,86,98.04
coco,$OpenCLIP_{\mathrm{Image}}$,87,98.06
coco,$OpenCLIP_{\mathrm{Image}}$,88,98.14
coco,$OpenCLIP_{\mathrm{Image}}$,89,98.18
coco,$OpenCLIP_{\mathrm{Image}}$,90,98.18
coco,$OpenCLIP_{\mathrm{Image}}$,91,98.2
coco,$OpenCLIP_{\mathrm{Image}}$,92,98.24000000000001
coco,$OpenCLIP_{\mathrm{Image}}$,93,98.24000000000001
coco,$OpenCLIP_{\mathrm{Image}}$,94,98.26
coco,$OpenCLIP_{\mathrm{Image}}$,95,98.3
coco,$OpenCLIP_{\mathrm{Image}}$,96,98.34
coco,$OpenCLIP_{\mathrm{Image}}$,97,98.34
coco,$OpenCLIP_{\mathrm{Image}}$,98,98.4
coco,$OpenCLIP_{\mathrm{Image}}$,99,98.44000000000001
coco,$OpenCLIP_{\mathrm{Image}}$,100,98.5
coco,$UniIR_{\mathrm{Image}}$,1,50.82
coco,$UniIR_{\mathrm{Image}}$,2,63.519999999999996
coco,$UniIR_{\mathrm{Image}}$,3,69.92
coco,$UniIR_{\mathrm{Image}}$,4,74.4
coco,$UniIR_{\mathrm{Image}}$,5,77.32
coco,$UniIR_{\mathrm{Image}}$,6,79.67999999999999
coco,$UniIR_{\mathrm{Image}}$,7,81.54
coco,$UniIR_{\mathrm{Image}}$,8,83.28
coco,$UniIR_{\mathrm{Image}}$,9,84.78
coco,$UniIR_{\mathrm{Image}}$,10,85.78
coco,$UniIR_{\mathrm{Image}}$,11,86.83999999999999
coco,$UniIR_{\mathrm{Image}}$,12,88.0
coco,$UniIR_{\mathrm{Image}}$,13,88.72
coco,$UniIR_{\mathrm{Image}}$,14,89.44
coco,$UniIR_{\mathrm{Image}}$,15,90.2
coco,$UniIR_{\mathrm{Image}}$,16,90.78
coco,$UniIR_{\mathrm{Image}}$,17,91.12
coco,$UniIR_{\mathrm{Image}}$,18,91.53999999999999
coco,$UniIR_{\mathrm{Image}}$,19,92.0
coco,$UniIR_{\mathrm{Image}}$,20,92.32000000000001
coco,$UniIR_{\mathrm{Image}}$,21,92.74
coco,$UniIR_{\mathrm{Image}}$,22,93.0
coco,$UniIR_{\mathrm{Image}}$,23,93.38
coco,$UniIR_{\mathrm{Image}}$,24,93.84
coco,$UniIR_{\mathrm{Image}}$,25,94.14
coco,$UniIR_{\mathrm{Image}}$,26,94.36
coco,$UniIR_{\mathrm{Image}}$,27,94.67999999999999
coco,$UniIR_{\mathrm{Image}}$,28,94.96
coco,$UniIR_{\mathrm{Image}}$,29,95.17999999999999
coco,$UniIR_{\mathrm{Image}}$,30,95.36
coco,$UniIR_{\mathrm{Image}}$,31,95.52000000000001
coco,$UniIR_{\mathrm{Image}}$,32,95.66
coco,$UniIR_{\mathrm{Image}}$,33,95.82000000000001
coco,$UniIR_{\mathrm{Image}}$,34,96.0
coco,$UniIR_{\mathrm{Image}}$,35,96.2
coco,$UniIR_{\mathrm{Image}}$,36,96.36
coco,$UniIR_{\mathrm{Image}}$,37,96.5
coco,$UniIR_{\mathrm{Image}}$,38,96.66
coco,$UniIR_{\mathrm{Image}}$,39,96.82
coco,$UniIR_{\mathrm{Image}}$,40,96.96000000000001
coco,$UniIR_{\mathrm{Image}}$,41,97.04
coco,$UniIR_{\mathrm{Image}}$,42,97.22
coco,$UniIR_{\mathrm{Image}}$,43,97.26
coco,$UniIR_{\mathrm{Image}}$,44,97.28
coco,$UniIR_{\mathrm{Image}}$,45,97.36
coco,$UniIR_{\mathrm{Image}}$,46,97.42
coco,$UniIR_{\mathrm{Image}}$,47,97.5
coco,$UniIR_{\mathrm{Image}}$,48,97.6
coco,$UniIR_{\mathrm{Image}}$,49,97.72
coco,$UniIR_{\mathrm{Image}}$,50,97.76
coco,$UniIR_{\mathrm{Image}}$,51,97.86
coco,$UniIR_{\mathrm{Image}}$,52,97.94
coco,$UniIR_{\mathrm{Image}}$,53,98.06
coco,$UniIR_{\mathrm{Image}}$,54,98.11999999999999
coco,$UniIR_{\mathrm{Image}}$,55,98.14
coco,$UniIR_{\mathrm{Image}}$,56,98.18
coco,$UniIR_{\mathrm{Image}}$,57,98.3
coco,$UniIR_{\mathrm{Image}}$,58,98.32
coco,$UniIR_{\mathrm{Image}}$,59,98.4
coco,$UniIR_{\mathrm{Image}}$,60,98.42
coco,$UniIR_{\mathrm{Image}}$,61,98.52
coco,$UniIR_{\mathrm{Image}}$,62,98.54
coco,$UniIR_{\mathrm{Image}}$,63,98.61999999999999
coco,$UniIR_{\mathrm{Image}}$,64,98.66
coco,$UniIR_{\mathrm{Image}}$,65,98.72
coco,$UniIR_{\mathrm{Image}}$,66,98.74000000000001
coco,$UniIR_{\mathrm{Image}}$,67,98.76
coco,$UniIR_{\mathrm{Image}}$,68,98.8
coco,$UniIR_{\mathrm{Image}}$,69,98.82
coco,$UniIR_{\mathrm{Image}}$,70,98.86
coco,$UniIR_{\mathrm{Image}}$,71,98.88
coco,$UniIR_{\mathrm{Image}}$,72,98.9
coco,$UniIR_{\mathrm{Image}}$,73,98.9
coco,$UniIR_{\mathrm{Image}}$,74,98.96000000000001
coco,$UniIR_{\mathrm{Image}}$,75,99.0
coco,$UniIR_{\mathrm{Image}}$,76,99.02
coco,$UniIR_{\mathrm{Image}}$,77,99.03999999999999
coco,$UniIR_{\mathrm{Image}}$,78,99.06
coco,$UniIR_{\mathrm{Image}}$,79,99.06
coco,$UniIR_{\mathrm{Image}}$,80,99.06
coco,$UniIR_{\mathrm{Image}}$,81,99.08
coco,$UniIR_{\mathrm{Image}}$,82,99.08
coco,$UniIR_{\mathrm{Image}}$,83,99.14
coco,$UniIR_{\mathrm{Image}}$,84,99.16
coco,$UniIR_{\mathrm{Image}}$,85,99.18
coco,$UniIR_{\mathrm{Image}}$,86,99.2
coco,$UniIR_{\mathrm{Image}}$,87,99.2
coco,$UniIR_{\mathrm{Image}}$,88,99.22
coco,$UniIR_{\mathrm{Image}}$,89,99.24
coco,$UniIR_{\mathrm{Image}}$,90,99.24
coco,$UniIR_{\mathrm{Image}}$,91,99.24
coco,$UniIR_{\mathrm{Image}}$,92,99.28
coco,$UniIR_{\mathrm{Image}}$,93,99.28
coco,$UniIR_{\mathrm{Image}}$,94,99.3
coco,$UniIR_{\mathrm{Image}}$,95,99.3
coco,$UniIR_{\mathrm{Image}}$,96,99.3
coco,$UniIR_{\mathrm{Image}}$,97,99.3
coco,$UniIR_{\mathrm{Image}}$,98,99.3
coco,$UniIR_{\mathrm{Image}}$,99,99.33999999999999
coco,$UniIR_{\mathrm{Image}}$,100,99.33999999999999
coco,$UniIR_{\mathrm{Joint}}$,1,55.34
coco,$UniIR_{\mathrm{Joint}}$,2,63.660000000000004
coco,$UniIR_{\mathrm{Joint}}$,3,68.92
coco,$UniIR_{\mathrm{Joint}}$,4,73.06
coco,$UniIR_{\mathrm{Joint}}$,5,75.92
coco,$UniIR_{\mathrm{Joint}}$,6,78.4
coco,$UniIR_{\mathrm{Joint}}$,7,79.88
coco,$UniIR_{\mathrm{Joint}}$,8,81.56
coco,$UniIR_{\mathrm{Joint}}$,9,82.88
coco,$UniIR_{\mathrm{Joint}}$,10,83.84
coco,$UniIR_{\mathrm{Joint}}$,11,84.56
coco,$UniIR_{\mathrm{Joint}}$,12,85.18
coco,$UniIR_{\mathrm{Joint}}$,13,85.9
coco,$UniIR_{\mathrm{Joint}}$,14,86.66
coco,$UniIR_{\mathrm{Joint}}$,15,87.28
coco,$UniIR_{\mathrm{Joint}}$,16,87.82
coco,$UniIR_{\mathrm{Joint}}$,17,88.3
coco,$UniIR_{\mathrm{Joint}}$,18,88.92
coco,$UniIR_{\mathrm{Joint}}$,19,89.44
coco,$UniIR_{\mathrm{Joint}}$,20,89.88000000000001
coco,$UniIR_{\mathrm{Joint}}$,21,90.18
coco,$UniIR_{\mathrm{Joint}}$,22,90.60000000000001
coco,$UniIR_{\mathrm{Joint}}$,23,90.9
coco,$UniIR_{\mathrm{Joint}}$,24,90.96
coco,$UniIR_{\mathrm{Joint}}$,25,91.12
coco,$UniIR_{\mathrm{Joint}}$,26,91.34
coco,$UniIR_{\mathrm{Joint}}$,27,91.58
coco,$UniIR_{\mathrm{Joint}}$,28,91.88
coco,$UniIR_{\mathrm{Joint}}$,29,92.06
coco,$UniIR_{\mathrm{Joint}}$,30,92.24
coco,$UniIR_{\mathrm{Joint}}$,31,92.46
coco,$UniIR_{\mathrm{Joint}}$,32,92.74
coco,$UniIR_{\mathrm{Joint}}$,33,92.94
coco,$UniIR_{\mathrm{Joint}}$,34,93.22
coco,$UniIR_{\mathrm{Joint}}$,35,93.38
coco,$UniIR_{\mathrm{Joint}}$,36,93.60000000000001
coco,$UniIR_{\mathrm{Joint}}$,37,93.8
coco,$UniIR_{\mathrm{Joint}}$,38,93.92
coco,$UniIR_{\mathrm{Joint}}$,39,93.97999999999999
coco,$UniIR_{\mathrm{Joint}}$,40,94.19999999999999
coco,$UniIR_{\mathrm{Joint}}$,41,94.39999999999999
coco,$UniIR_{\mathrm{Joint}}$,42,94.56
coco,$UniIR_{\mathrm{Joint}}$,43,94.8
coco,$UniIR_{\mathrm{Joint}}$,44,94.94
coco,$UniIR_{\mathrm{Joint}}$,45,95.02000000000001
coco,$UniIR_{\mathrm{Joint}}$,46,95.16
coco,$UniIR_{\mathrm{Joint}}$,47,95.19999999999999
coco,$UniIR_{\mathrm{Joint}}$,48,95.3
coco,$UniIR_{\mathrm{Joint}}$,49,95.36
coco,$UniIR_{\mathrm{Joint}}$,50,95.46
coco,$UniIR_{\mathrm{Joint}}$,51,95.66
coco,$UniIR_{\mathrm{Joint}}$,52,95.8
coco,$UniIR_{\mathrm{Joint}}$,53,95.86
coco,$UniIR_{\mathrm{Joint}}$,54,96.0
coco,$UniIR_{\mathrm{Joint}}$,55,96.1
coco,$UniIR_{\mathrm{Joint}}$,56,96.17999999999999
coco,$UniIR_{\mathrm{Joint}}$,57,96.2
coco,$UniIR_{\mathrm{Joint}}$,58,96.26
coco,$UniIR_{\mathrm{Joint}}$,59,96.38
coco,$UniIR_{\mathrm{Joint}}$,60,96.46000000000001
coco,$UniIR_{\mathrm{Joint}}$,61,96.5
coco,$UniIR_{\mathrm{Joint}}$,62,96.6
coco,$UniIR_{\mathrm{Joint}}$,63,96.61999999999999
coco,$UniIR_{\mathrm{Joint}}$,64,96.66
coco,$UniIR_{\mathrm{Joint}}$,65,96.72
coco,$UniIR_{\mathrm{Joint}}$,66,96.74000000000001
coco,$UniIR_{\mathrm{Joint}}$,67,96.76
coco,$UniIR_{\mathrm{Joint}}$,68,96.86
coco,$UniIR_{\mathrm{Joint}}$,69,96.89999999999999
coco,$UniIR_{\mathrm{Joint}}$,70,96.92
coco,$UniIR_{\mathrm{Joint}}$,71,97.02
coco,$UniIR_{\mathrm{Joint}}$,72,97.04
coco,$UniIR_{\mathrm{Joint}}$,73,97.14
coco,$UniIR_{\mathrm{Joint}}$,74,97.18
coco,$UniIR_{\mathrm{Joint}}$,75,97.22
coco,$UniIR_{\mathrm{Joint}}$,76,97.22
coco,$UniIR_{\mathrm{Joint}}$,77,97.26
coco,$UniIR_{\mathrm{Joint}}$,78,97.34
coco,$UniIR_{\mathrm{Joint}}$,79,97.38
coco,$UniIR_{\mathrm{Joint}}$,80,97.44
coco,$UniIR_{\mathrm{Joint}}$,81,97.5
coco,$UniIR_{\mathrm{Joint}}$,82,97.54
coco,$UniIR_{\mathrm{Joint}}$,83,97.56
coco,$UniIR_{\mathrm{Joint}}$,84,97.56
coco,$UniIR_{\mathrm{Joint}}$,85,97.64
coco,$UniIR_{\mathrm{Joint}}$,86,97.68
coco,$UniIR_{\mathrm{Joint}}$,87,97.74000000000001
coco,$UniIR_{\mathrm{Joint}}$,88,97.74000000000001
coco,$UniIR_{\mathrm{Joint}}$,89,97.76
coco,$UniIR_{\mathrm{Joint}}$,90,97.8
coco,$UniIR_{\mathrm{Joint}}$,91,97.8
coco,$UniIR_{\mathrm{Joint}}$,92,97.88
coco,$UniIR_{\mathrm{Joint}}$,93,97.94
coco,$UniIR_{\mathrm{Joint}}$,94,97.96000000000001
coco,$UniIR_{\mathrm{Joint}}$,95,97.98
coco,$UniIR_{\mathrm{Joint}}$,96,98.0
coco,$UniIR_{\mathrm{Joint}}$,97,98.06
coco,$UniIR_{\mathrm{Joint}}$,98,98.06
coco,$UniIR_{\mathrm{Joint}}$,99,98.1
coco,$UniIR_{\mathrm{Joint}}$,100,98.1
coco,$BM25_{\mathrm{Text}}$,1,26.8
coco,$BM25_{\mathrm{Text}}$,2,34.54
coco,$BM25_{\mathrm{Text}}$,3,39.76
coco,$BM25_{\mathrm{Text}}$,4,43.46
coco,$BM25_{\mathrm{Text}}$,5,46.54
coco,$BM25_{\mathrm{Text}}$,6,49.1
coco,$BM25_{\mathrm{Text}}$,7,51.28
coco,$BM25_{\mathrm{Text}}$,8,53.2
coco,$BM25_{\mathrm{Text}}$,9,54.74
coco,$BM25_{\mathrm{Text}}$,10,56.220000000000006
coco,$BM25_{\mathrm{Text}}$,11,57.620000000000005
coco,$BM25_{\mathrm{Text}}$,12,59.06
coco,$BM25_{\mathrm{Text}}$,13,60.12
coco,$BM25_{\mathrm{Text}}$,14,61.040000000000006
coco,$BM25_{\mathrm{Text}}$,15,61.82
coco,$BM25_{\mathrm{Text}}$,16,62.62
coco,$BM25_{\mathrm{Text}}$,17,63.339999999999996
coco,$BM25_{\mathrm{Text}}$,18,64.02
coco,$BM25_{\mathrm{Text}}$,19,64.44
coco,$BM25_{\mathrm{Text}}$,20,65.18
coco,$BM25_{\mathrm{Text}}$,21,65.78
coco,$BM25_{\mathrm{Text}}$,22,66.38
coco,$BM25_{\mathrm{Text}}$,23,66.88
coco,$BM25_{\mathrm{Text}}$,24,67.32000000000001
coco,$BM25_{\mathrm{Text}}$,25,67.86
coco,$BM25_{\mathrm{Text}}$,26,68.36
coco,$BM25_{\mathrm{Text}}$,27,68.88
coco,$BM25_{\mathrm{Text}}$,28,69.17999999999999
coco,$BM25_{\mathrm{Text}}$,29,69.62
coco,$BM25_{\mathrm{Text}}$,30,70.1
coco,$BM25_{\mathrm{Text}}$,31,70.58
coco,$BM25_{\mathrm{Text}}$,32,70.94
coco,$BM25_{\mathrm{Text}}$,33,71.22
coco,$BM25_{\mathrm{Text}}$,34,71.7
coco,$BM25_{\mathrm{Text}}$,35,72.16
coco,$BM25_{\mathrm{Text}}$,36,72.52
coco,$BM25_{\mathrm{Text}}$,37,72.76
coco,$BM25_{\mathrm{Text}}$,38,73.28
coco,$BM25_{\mathrm{Text}}$,39,73.76
coco,$BM25_{\mathrm{Text}}$,40,74.16
coco,$BM25_{\mathrm{Text}}$,41,74.56
coco,$BM25_{\mathrm{Text}}$,42,74.83999999999999
coco,$BM25_{\mathrm{Text}}$,43,75.14
coco,$BM25_{\mathrm{Text}}$,44,75.38
coco,$BM25_{\mathrm{Text}}$,45,75.58
coco,$BM25_{\mathrm{Text}}$,46,75.74
coco,$BM25_{\mathrm{Text}}$,47,76.06
coco,$BM25_{\mathrm{Text}}$,48,76.34
coco,$BM25_{\mathrm{Text}}$,49,76.53999999999999
coco,$BM25_{\mathrm{Text}}$,50,76.8
coco,$BM25_{\mathrm{Text}}$,51,76.98
coco,$BM25_{\mathrm{Text}}$,52,77.2
coco,$BM25_{\mathrm{Text}}$,53,77.3
coco,$BM25_{\mathrm{Text}}$,54,77.48
coco,$BM25_{\mathrm{Text}}$,55,77.75999999999999
coco,$BM25_{\mathrm{Text}}$,56,78.08
coco,$BM25_{\mathrm{Text}}$,57,78.3
coco,$BM25_{\mathrm{Text}}$,58,78.48
coco,$BM25_{\mathrm{Text}}$,59,78.68
coco,$BM25_{\mathrm{Text}}$,60,78.8
coco,$BM25_{\mathrm{Text}}$,61,79.0
coco,$BM25_{\mathrm{Text}}$,62,79.12
coco,$BM25_{\mathrm{Text}}$,63,79.38
coco,$BM25_{\mathrm{Text}}$,64,79.46
coco,$BM25_{\mathrm{Text}}$,65,79.67999999999999
coco,$BM25_{\mathrm{Text}}$,66,79.75999999999999
coco,$BM25_{\mathrm{Text}}$,67,79.97999999999999
coco,$BM25_{\mathrm{Text}}$,68,80.16
coco,$BM25_{\mathrm{Text}}$,69,80.36
coco,$BM25_{\mathrm{Text}}$,70,80.56
coco,$BM25_{\mathrm{Text}}$,71,80.76
coco,$BM25_{\mathrm{Text}}$,72,80.94
coco,$BM25_{\mathrm{Text}}$,73,81.17999999999999
coco,$BM25_{\mathrm{Text}}$,74,81.34
coco,$BM25_{\mathrm{Text}}$,75,81.56
coco,$BM25_{\mathrm{Text}}$,76,81.64
coco,$BM25_{\mathrm{Text}}$,77,81.76
coco,$BM25_{\mathrm{Text}}$,78,81.82000000000001
coco,$BM25_{\mathrm{Text}}$,79,81.96
coco,$BM25_{\mathrm{Text}}$,80,82.02000000000001
coco,$BM25_{\mathrm{Text}}$,81,82.38
coco,$BM25_{\mathrm{Text}}$,82,82.46
coco,$BM25_{\mathrm{Text}}$,83,82.5
coco,$BM25_{\mathrm{Text}}$,84,82.6
coco,$BM25_{\mathrm{Text}}$,85,82.66
coco,$BM25_{\mathrm{Text}}$,86,82.8
coco,$BM25_{\mathrm{Text}}$,87,82.89999999999999
coco,$BM25_{\mathrm{Text}}$,88,83.04
coco,$BM25_{\mathrm{Text}}$,89,83.16
coco,$BM25_{\mathrm{Text}}$,90,83.2
coco,$BM25_{\mathrm{Text}}$,91,83.38
coco,$BM25_{\mathrm{Text}}$,92,83.44
coco,$BM25_{\mathrm{Text}}$,93,83.66
coco,$BM25_{\mathrm{Text}}$,94,83.78
coco,$BM25_{\mathrm{Text}}$,95,83.86
coco,$BM25_{\mathrm{Text}}$,96,83.91999999999999
coco,$BM25_{\mathrm{Text}}$,97,84.08
coco,$BM25_{\mathrm{Text}}$,98,84.16
coco,$BM25_{\mathrm{Text}}$,99,84.24000000000001
coco,$BM25_{\mathrm{Text}}$,100,84.39999999999999
flickr,$CLIP_{\mathrm{Image}}$,1,57.099999999999994
flickr,$CLIP_{\mathrm{Image}}$,2,71.3
flickr,$CLIP_{\mathrm{Image}}$,3,78.4
flickr,$CLIP_{\mathrm{Image}}$,4,81.6
flickr,$CLIP_{\mathrm{Image}}$,5,84.39999999999999
flickr,$CLIP_{\mathrm{Image}}$,6,86.4
flickr,$CLIP_{\mathrm{Image}}$,7,87.5
flickr,$CLIP_{\mathrm{Image}}$,8,88.7
flickr,$CLIP_{\mathrm{Image}}$,9,89.2
flickr,$CLIP_{\mathrm{Image}}$,10,89.8
flickr,$CLIP_{\mathrm{Image}}$,11,90.5
flickr,$CLIP_{\mathrm{Image}}$,12,91.0
flickr,$CLIP_{\mathrm{Image}}$,13,91.2
flickr,$CLIP_{\mathrm{Image}}$,14,91.60000000000001
flickr,$CLIP_{\mathrm{Image}}$,15,92.2
flickr,$CLIP_{\mathrm{Image}}$,16,92.4
flickr,$CLIP_{\mathrm{Image}}$,17,92.7
flickr,$CLIP_{\mathrm{Image}}$,18,93.2
flickr,$CLIP_{\mathrm{Image}}$,19,93.8
flickr,$CLIP_{\mathrm{Image}}$,20,94.1
flickr,$CLIP_{\mathrm{Image}}$,21,94.19999999999999
flickr,$CLIP_{\mathrm{Image}}$,22,94.5
flickr,$CLIP_{\mathrm{Image}}$,23,94.5
flickr,$CLIP_{\mathrm{Image}}$,24,94.8
flickr,$CLIP_{\mathrm{Image}}$,25,95.1
flickr,$CLIP_{\mathrm{Image}}$,26,95.3
flickr,$CLIP_{\mathrm{Image}}$,27,95.3
flickr,$CLIP_{\mathrm{Image}}$,28,95.5
flickr,$CLIP_{\mathrm{Image}}$,29,95.5
flickr,$CLIP_{\mathrm{Image}}$,30,95.8
flickr,$CLIP_{\mathrm{Image}}$,31,96.0
flickr,$CLIP_{\mathrm{Image}}$,32,96.0
flickr,$CLIP_{\mathrm{Image}}$,33,96.1
flickr,$CLIP_{\mathrm{Image}}$,34,96.2
flickr,$CLIP_{\mathrm{Image}}$,35,96.2
flickr,$CLIP_{\mathrm{Image}}$,36,96.2
flickr,$CLIP_{\mathrm{Image}}$,37,96.3
flickr,$CLIP_{\mathrm{Image}}$,38,96.39999999999999
flickr,$CLIP_{\mathrm{Image}}$,39,96.39999999999999
flickr,$CLIP_{\mathrm{Image}}$,40,96.6
flickr,$CLIP_{\mathrm{Image}}$,41,96.6
flickr,$CLIP_{\mathrm{Image}}$,42,96.7
flickr,$CLIP_{\mathrm{Image}}$,43,96.7
flickr,$CLIP_{\mathrm{Image}}$,44,96.7
flickr,$CLIP_{\mathrm{Image}}$,45,96.7
flickr,$CLIP_{\mathrm{Image}}$,46,96.7
flickr,$CLIP_{\mathrm{Image}}$,47,96.7
flickr,$CLIP_{\mathrm{Image}}$,48,96.8
flickr,$CLIP_{\mathrm{Image}}$,49,96.89999999999999
flickr,$CLIP_{\mathrm{Image}}$,50,96.89999999999999
flickr,$CLIP_{\mathrm{Image}}$,51,97.2
flickr,$CLIP_{\mathrm{Image}}$,52,97.2
flickr,$CLIP_{\mathrm{Image}}$,53,97.2
flickr,$CLIP_{\mathrm{Image}}$,54,97.2
flickr,$CLIP_{\mathrm{Image}}$,55,97.2
flickr,$CLIP_{\mathrm{Image}}$,56,97.39999999999999
flickr,$CLIP_{\mathrm{Image}}$,57,97.7
flickr,$CLIP_{\mathrm{Image}}$,58,97.7
flickr,$CLIP_{\mathrm{Image}}$,59,97.7
flickr,$CLIP_{\mathrm{Image}}$,60,97.7
flickr,$CLIP_{\mathrm{Image}}$,61,97.7
flickr,$CLIP_{\mathrm{Image}}$,62,97.7
flickr,$CLIP_{\mathrm{Image}}$,63,97.7
flickr,$CLIP_{\mathrm{Image}}$,64,97.7
flickr,$CLIP_{\mathrm{Image}}$,65,97.7
flickr,$CLIP_{\mathrm{Image}}$,66,97.7
flickr,$CLIP_{\mathrm{Image}}$,67,97.8
flickr,$CLIP_{\mathrm{Image}}$,68,97.89999999999999
flickr,$CLIP_{\mathrm{Image}}$,69,97.89999999999999
flickr,$CLIP_{\mathrm{Image}}$,70,97.89999999999999
flickr,$CLIP_{\mathrm{Image}}$,71,97.89999999999999
flickr,$CLIP_{\mathrm{Image}}$,72,97.89999999999999
flickr,$CLIP_{\mathrm{Image}}$,73,98.0
flickr,$CLIP_{\mathrm{Image}}$,74,98.1
flickr,$CLIP_{\mathrm{Image}}$,75,98.1
flickr,$CLIP_{\mathrm{Image}}$,76,98.2
flickr,$CLIP_{\mathrm{Image}}$,77,98.2
flickr,$CLIP_{\mathrm{Image}}$,78,98.2
flickr,$CLIP_{\mathrm{Image}}$,79,98.2
flickr,$CLIP_{\mathrm{Image}}$,80,98.2
flickr,$CLIP_{\mathrm{Image}}$,81,98.2
flickr,$CLIP_{\mathrm{Image}}$,82,98.2
flickr,$CLIP_{\mathrm{Image}}$,83,98.2
flickr,$CLIP_{\mathrm{Image}}$,84,98.4
flickr,$CLIP_{\mathrm{Image}}$,85,98.5
flickr,$CLIP_{\mathrm{Image}}$,86,98.5
flickr,$CLIP_{\mathrm{Image}}$,87,98.5
flickr,$CLIP_{\mathrm{Image}}$,88,98.5
flickr,$CLIP_{\mathrm{Image}}$,89,98.5
flickr,$CLIP_{\mathrm{Image}}$,90,98.5
flickr,$CLIP_{\mathrm{Image}}$,91,98.5
flickr,$CLIP_{\mathrm{Image}}$,92,98.6
flickr,$CLIP_{\mathrm{Image}}$,93,98.6
flickr,$CLIP_{\mathrm{Image}}$,94,98.6
flickr,$CLIP_{\mathrm{Image}}$,95,98.7
flickr,$CLIP_{\mathrm{Image}}$,96,98.7
flickr,$CLIP_{\mathrm{Image}}$,97,98.9
flickr,$CLIP_{\mathrm{Image}}$,98,98.9
flickr,$CLIP_{\mathrm{Image}}$,99,98.9
flickr,$CLIP_{\mathrm{Image}}$,100,98.9
flickr,$CLIP_{\mathrm{Text}}$,1,54.2
flickr,$CLIP_{\mathrm{Text}}$,2,64.3
flickr,$CLIP_{\mathrm{Text}}$,3,69.19999999999999
flickr,$CLIP_{\mathrm{Text}}$,4,72.3
flickr,$CLIP_{\mathrm{Text}}$,5,74.7
flickr,$CLIP_{\mathrm{Text}}$,6,76.6
flickr,$CLIP_{\mathrm{Text}}$,7,78.7
flickr,$CLIP_{\mathrm{Text}}$,8,79.5
flickr,$CLIP_{\mathrm{Text}}$,9,80.5
flickr,$CLIP_{\mathrm{Text}}$,10,81.6
flickr,$CLIP_{\mathrm{Text}}$,11,81.89999999999999
flickr,$CLIP_{\mathrm{Text}}$,12,82.6
flickr,$CLIP_{\mathrm{Text}}$,13,83.0
flickr,$CLIP_{\mathrm{Text}}$,14,83.6
flickr,$CLIP_{\mathrm{Text}}$,15,84.39999999999999
flickr,$CLIP_{\mathrm{Text}}$,16,84.8
flickr,$CLIP_{\mathrm{Text}}$,17,84.89999999999999
flickr,$CLIP_{\mathrm{Text}}$,18,85.5
flickr,$CLIP_{\mathrm{Text}}$,19,85.9
flickr,$CLIP_{\mathrm{Text}}$,20,86.0
flickr,$CLIP_{\mathrm{Text}}$,21,86.1
flickr,$CLIP_{\mathrm{Text}}$,22,86.5
flickr,$CLIP_{\mathrm{Text}}$,23,87.3
flickr,$CLIP_{\mathrm{Text}}$,24,87.5
flickr,$CLIP_{\mathrm{Text}}$,25,88.0
flickr,$CLIP_{\mathrm{Text}}$,26,88.4
flickr,$CLIP_{\mathrm{Text}}$,27,88.7
flickr,$CLIP_{\mathrm{Text}}$,28,88.7
flickr,$CLIP_{\mathrm{Text}}$,29,88.8
flickr,$CLIP_{\mathrm{Text}}$,30,89.0
flickr,$CLIP_{\mathrm{Text}}$,31,89.1
flickr,$CLIP_{\mathrm{Text}}$,32,89.3
flickr,$CLIP_{\mathrm{Text}}$,33,89.5
flickr,$CLIP_{\mathrm{Text}}$,34,89.9
flickr,$CLIP_{\mathrm{Text}}$,35,89.9
flickr,$CLIP_{\mathrm{Text}}$,36,89.9
flickr,$CLIP_{\mathrm{Text}}$,37,90.0
flickr,$CLIP_{\mathrm{Text}}$,38,90.10000000000001
flickr,$CLIP_{\mathrm{Text}}$,39,90.2
flickr,$CLIP_{\mathrm{Text}}$,40,90.2
flickr,$CLIP_{\mathrm{Text}}$,41,90.3
flickr,$CLIP_{\mathrm{Text}}$,42,90.4
flickr,$CLIP_{\mathrm{Text}}$,43,90.60000000000001
flickr,$CLIP_{\mathrm{Text}}$,44,90.60000000000001
flickr,$CLIP_{\mathrm{Text}}$,45,90.8
flickr,$CLIP_{\mathrm{Text}}$,46,90.8
flickr,$CLIP_{\mathrm{Text}}$,47,90.9
flickr,$CLIP_{\mathrm{Text}}$,48,90.9
flickr,$CLIP_{\mathrm{Text}}$,49,91.2
flickr,$CLIP_{\mathrm{Text}}$,50,91.4
flickr,$CLIP_{\mathrm{Text}}$,51,91.4
flickr,$CLIP_{\mathrm{Text}}$,52,91.5
flickr,$CLIP_{\mathrm{Text}}$,53,91.5
flickr,$CLIP_{\mathrm{Text}}$,54,91.5
flickr,$CLIP_{\mathrm{Text}}$,55,91.5
flickr,$CLIP_{\mathrm{Text}}$,56,91.5
flickr,$CLIP_{\mathrm{Text}}$,57,91.8
flickr,$CLIP_{\mathrm{Text}}$,58,92.0
flickr,$CLIP_{\mathrm{Text}}$,59,92.0
flickr,$CLIP_{\mathrm{Text}}$,60,92.10000000000001
flickr,$CLIP_{\mathrm{Text}}$,61,92.10000000000001
flickr,$CLIP_{\mathrm{Text}}$,62,92.2
flickr,$CLIP_{\mathrm{Text}}$,63,92.30000000000001
flickr,$CLIP_{\mathrm{Text}}$,64,92.5
flickr,$CLIP_{\mathrm{Text}}$,65,92.5
flickr,$CLIP_{\mathrm{Text}}$,66,92.60000000000001
flickr,$CLIP_{\mathrm{Text}}$,67,92.7
flickr,$CLIP_{\mathrm{Text}}$,68,92.7
flickr,$CLIP_{\mathrm{Text}}$,69,92.7
flickr,$CLIP_{\mathrm{Text}}$,70,92.7
flickr,$CLIP_{\mathrm{Text}}$,71,92.7
flickr,$CLIP_{\mathrm{Text}}$,72,92.80000000000001
flickr,$CLIP_{\mathrm{Text}}$,73,92.80000000000001
flickr,$CLIP_{\mathrm{Text}}$,74,92.9
flickr,$CLIP_{\mathrm{Text}}$,75,92.9
flickr,$CLIP_{\mathrm{Text}}$,76,93.10000000000001
flickr,$CLIP_{\mathrm{Text}}$,77,93.10000000000001
flickr,$CLIP_{\mathrm{Text}}$,78,93.10000000000001
flickr,$CLIP_{\mathrm{Text}}$,79,93.10000000000001
flickr,$CLIP_{\mathrm{Text}}$,80,93.10000000000001
flickr,$CLIP_{\mathrm{Text}}$,81,93.2
flickr,$CLIP_{\mathrm{Text}}$,82,93.30000000000001
flickr,$CLIP_{\mathrm{Text}}$,83,93.4
flickr,$CLIP_{\mathrm{Text}}$,84,93.4
flickr,$CLIP_{\mathrm{Text}}$,85,93.4
flickr,$CLIP_{\mathrm{Text}}$,86,93.4
flickr,$CLIP_{\mathrm{Text}}$,87,93.5
flickr,$CLIP_{\mathrm{Text}}$,88,93.5
flickr,$CLIP_{\mathrm{Text}}$,89,93.5
flickr,$CLIP_{\mathrm{Text}}$,90,93.60000000000001
flickr,$CLIP_{\mathrm{Text}}$,91,93.60000000000001
flickr,$CLIP_{\mathrm{Text}}$,92,93.7
flickr,$CLIP_{\mathrm{Text}}$,93,93.8
flickr,$CLIP_{\mathrm{Text}}$,94,93.8
flickr,$CLIP_{\mathrm{Text}}$,95,93.8
flickr,$CLIP_{\mathrm{Text}}$,96,93.8
flickr,$CLIP_{\mathrm{Text}}$,97,93.8
flickr,$CLIP_{\mathrm{Text}}$,98,93.8
flickr,$CLIP_{\mathrm{Text}}$,99,93.8
flickr,$CLIP_{\mathrm{Text}}$,100,93.89999999999999
flickr,$FLAVA_{\mathrm{Image}}$,1,53.6
flickr,$FLAVA_{\mathrm{Image}}$,2,68.60000000000001
flickr,$FLAVA_{\mathrm{Image}}$,3,75.9
flickr,$FLAVA_{\mathrm{Image}}$,4,79.5
flickr,$FLAVA_{\mathrm{Image}}$,5,81.8
flickr,$FLAVA_{\mathrm{Image}}$,6,83.39999999999999
flickr,$FLAVA_{\mathrm{Image}}$,7,85.39999999999999
flickr,$FLAVA_{\mathrm{Image}}$,8,86.4
flickr,$FLAVA_{\mathrm{Image}}$,9,87.2
flickr,$FLAVA_{\mathrm{Image}}$,10,87.8
flickr,$FLAVA_{\mathrm{Image}}$,11,89.0
flickr,$FLAVA_{\mathrm{Image}}$,12,90.0
flickr,$FLAVA_{\mathrm{Image}}$,13,91.0
flickr,$FLAVA_{\mathrm{Image}}$,14,91.60000000000001
flickr,$FLAVA_{\mathrm{Image}}$,15,91.9
flickr,$FLAVA_{\mathrm{Image}}$,16,92.5
flickr,$FLAVA_{\mathrm{Image}}$,17,93.0
flickr,$FLAVA_{\mathrm{Image}}$,18,93.30000000000001
flickr,$FLAVA_{\mathrm{Image}}$,19,93.7
flickr,$FLAVA_{\mathrm{Image}}$,20,93.8
flickr,$FLAVA_{\mathrm{Image}}$,21,94.0
flickr,$FLAVA_{\mathrm{Image}}$,22,94.0
flickr,$FLAVA_{\mathrm{Image}}$,23,94.1
flickr,$FLAVA_{\mathrm{Image}}$,24,94.3
flickr,$FLAVA_{\mathrm{Image}}$,25,94.6
flickr,$FLAVA_{\mathrm{Image}}$,26,94.89999999999999
flickr,$FLAVA_{\mathrm{Image}}$,27,94.89999999999999
flickr,$FLAVA_{\mathrm{Image}}$,28,95.1
flickr,$FLAVA_{\mathrm{Image}}$,29,95.3
flickr,$FLAVA_{\mathrm{Image}}$,30,95.39999999999999
flickr,$FLAVA_{\mathrm{Image}}$,31,95.6
flickr,$FLAVA_{\mathrm{Image}}$,32,95.8
flickr,$FLAVA_{\mathrm{Image}}$,33,95.89999999999999
flickr,$FLAVA_{\mathrm{Image}}$,34,96.2
flickr,$FLAVA_{\mathrm{Image}}$,35,96.39999999999999
flickr,$FLAVA_{\mathrm{Image}}$,36,96.5
flickr,$FLAVA_{\mathrm{Image}}$,37,96.6
flickr,$FLAVA_{\mathrm{Image}}$,38,96.8
flickr,$FLAVA_{\mathrm{Image}}$,39,96.89999999999999
flickr,$FLAVA_{\mathrm{Image}}$,40,96.89999999999999
flickr,$FLAVA_{\mathrm{Image}}$,41,96.89999999999999
flickr,$FLAVA_{\mathrm{Image}}$,42,97.1
flickr,$FLAVA_{\mathrm{Image}}$,43,97.2
flickr,$FLAVA_{\mathrm{Image}}$,44,97.3
flickr,$FLAVA_{\mathrm{Image}}$,45,97.3
flickr,$FLAVA_{\mathrm{Image}}$,46,97.5
flickr,$FLAVA_{\mathrm{Image}}$,47,97.5
flickr,$FLAVA_{\mathrm{Image}}$,48,97.5
flickr,$FLAVA_{\mathrm{Image}}$,49,97.7
flickr,$FLAVA_{\mathrm{Image}}$,50,97.7
flickr,$FLAVA_{\mathrm{Image}}$,51,97.8
flickr,$FLAVA_{\mathrm{Image}}$,52,97.8
flickr,$FLAVA_{\mathrm{Image}}$,53,97.8
flickr,$FLAVA_{\mathrm{Image}}$,54,97.89999999999999
flickr,$FLAVA_{\mathrm{Image}}$,55,98.0
flickr,$FLAVA_{\mathrm{Image}}$,56,98.1
flickr,$FLAVA_{\mathrm{Image}}$,57,98.1
flickr,$FLAVA_{\mathrm{Image}}$,58,98.1
flickr,$FLAVA_{\mathrm{Image}}$,59,98.1
flickr,$FLAVA_{\mathrm{Image}}$,60,98.1
flickr,$FLAVA_{\mathrm{Image}}$,61,98.1
flickr,$FLAVA_{\mathrm{Image}}$,62,98.1
flickr,$FLAVA_{\mathrm{Image}}$,63,98.1
flickr,$FLAVA_{\mathrm{Image}}$,64,98.2
flickr,$FLAVA_{\mathrm{Image}}$,65,98.2
flickr,$FLAVA_{\mathrm{Image}}$,66,98.2
flickr,$FLAVA_{\mathrm{Image}}$,67,98.4
flickr,$FLAVA_{\mathrm{Image}}$,68,98.5
flickr,$FLAVA_{\mathrm{Image}}$,69,98.5
flickr,$FLAVA_{\mathrm{Image}}$,70,98.5
flickr,$FLAVA_{\mathrm{Image}}$,71,98.5
flickr,$FLAVA_{\mathrm{Image}}$,72,98.6
flickr,$FLAVA_{\mathrm{Image}}$,73,98.6
flickr,$FLAVA_{\mathrm{Image}}$,74,98.6
flickr,$FLAVA_{\mathrm{Image}}$,75,98.6
flickr,$FLAVA_{\mathrm{Image}}$,76,98.6
flickr,$FLAVA_{\mathrm{Image}}$,77,98.7
flickr,$FLAVA_{\mathrm{Image}}$,78,98.7
flickr,$FLAVA_{\mathrm{Image}}$,79,98.8
flickr,$FLAVA_{\mathrm{Image}}$,80,98.8
flickr,$FLAVA_{\mathrm{Image}}$,81,98.8
flickr,$FLAVA_{\mathrm{Image}}$,82,98.9
flickr,$FLAVA_{\mathrm{Image}}$,83,98.9
flickr,$FLAVA_{\mathrm{Image}}$,84,98.9
flickr,$FLAVA_{\mathrm{Image}}$,85,98.9
flickr,$FLAVA_{\mathrm{Image}}$,86,98.9
flickr,$FLAVA_{\mathrm{Image}}$,87,98.9
flickr,$FLAVA_{\mathrm{Image}}$,88,98.9
flickr,$FLAVA_{\mathrm{Image}}$,89,99.0
flickr,$FLAVA_{\mathrm{Image}}$,90,99.0
flickr,$FLAVA_{\mathrm{Image}}$,91,99.0
flickr,$FLAVA_{\mathrm{Image}}$,92,99.0
flickr,$FLAVA_{\mathrm{Image}}$,93,99.0
flickr,$FLAVA_{\mathrm{Image}}$,94,99.0
flickr,$FLAVA_{\mathrm{Image}}$,95,99.0
flickr,$FLAVA_{\mathrm{Image}}$,96,99.0
flickr,$FLAVA_{\mathrm{Image}}$,97,99.0
flickr,$FLAVA_{\mathrm{Image}}$,98,99.0
flickr,$FLAVA_{\mathrm{Image}}$,99,99.0
flickr,$FLAVA_{\mathrm{Image}}$,100,99.0
flickr,$OpenCLIP_{\mathrm{Image}}$,1,66.4
flickr,$OpenCLIP_{\mathrm{Image}}$,2,77.0
flickr,$OpenCLIP_{\mathrm{Image}}$,3,82.19999999999999
flickr,$OpenCLIP_{\mathrm{Image}}$,4,85.3
flickr,$OpenCLIP_{\mathrm{Image}}$,5,87.0
flickr,$OpenCLIP_{\mathrm{Image}}$,6,89.0
flickr,$OpenCLIP_{\mathrm{Image}}$,7,90.3
flickr,$OpenCLIP_{\mathrm{Image}}$,8,91.0
flickr,$OpenCLIP_{\mathrm{Image}}$,9,91.4
flickr,$OpenCLIP_{\mathrm{Image}}$,10,92.30000000000001
flickr,$OpenCLIP_{\mathrm{Image}}$,11,92.80000000000001
flickr,$OpenCLIP_{\mathrm{Image}}$,12,93.30000000000001
flickr,$OpenCLIP_{\mathrm{Image}}$,13,93.60000000000001
flickr,$OpenCLIP_{\mathrm{Image}}$,14,94.0
flickr,$OpenCLIP_{\mathrm{Image}}$,15,94.5
flickr,$OpenCLIP_{\mathrm{Image}}$,16,95.0
flickr,$OpenCLIP_{\mathrm{Image}}$,17,95.1
flickr,$OpenCLIP_{\mathrm{Image}}$,18,95.39999999999999
flickr,$OpenCLIP_{\mathrm{Image}}$,19,95.5
flickr,$OpenCLIP_{\mathrm{Image}}$,20,95.7
flickr,$OpenCLIP_{\mathrm{Image}}$,21,95.89999999999999
flickr,$OpenCLIP_{\mathrm{Image}}$,22,96.0
flickr,$OpenCLIP_{\mathrm{Image}}$,23,96.5
flickr,$OpenCLIP_{\mathrm{Image}}$,24,96.6
flickr,$OpenCLIP_{\mathrm{Image}}$,25,96.6
flickr,$OpenCLIP_{\mathrm{Image}}$,26,96.6
flickr,$OpenCLIP_{\mathrm{Image}}$,27,96.7
flickr,$OpenCLIP_{\mathrm{Image}}$,28,96.89999999999999
flickr,$OpenCLIP_{\mathrm{Image}}$,29,96.89999999999999
flickr,$OpenCLIP_{\mathrm{Image}}$,30,97.39999999999999
flickr,$OpenCLIP_{\mathrm{Image}}$,31,97.6
flickr,$OpenCLIP_{\mathrm{Image}}$,32,97.7
flickr,$OpenCLIP_{\mathrm{Image}}$,33,97.7
flickr,$OpenCLIP_{\mathrm{Image}}$,34,97.7
flickr,$OpenCLIP_{\mathrm{Image}}$,35,97.8
flickr,$OpenCLIP_{\mathrm{Image}}$,36,97.8
flickr,$OpenCLIP_{\mathrm{Image}}$,37,97.8
flickr,$OpenCLIP_{\mathrm{Image}}$,38,97.89999999999999
flickr,$OpenCLIP_{\mathrm{Image}}$,39,98.4
flickr,$OpenCLIP_{\mathrm{Image}}$,40,98.5
flickr,$OpenCLIP_{\mathrm{Image}}$,41,98.5
flickr,$OpenCLIP_{\mathrm{Image}}$,42,98.6
flickr,$OpenCLIP_{\mathrm{Image}}$,43,98.6
flickr,$OpenCLIP_{\mathrm{Image}}$,44,98.6
flickr,$OpenCLIP_{\mathrm{Image}}$,45,98.6
flickr,$OpenCLIP_{\mathrm{Image}}$,46,98.7
flickr,$OpenCLIP_{\mathrm{Image}}$,47,98.7
flickr,$OpenCLIP_{\mathrm{Image}}$,48,98.7
flickr,$OpenCLIP_{\mathrm{Image}}$,49,98.7
flickr,$OpenCLIP_{\mathrm{Image}}$,50,98.7
flickr,$OpenCLIP_{\mathrm{Image}}$,51,98.7
flickr,$OpenCLIP_{\mathrm{Image}}$,52,98.7
flickr,$OpenCLIP_{\mathrm{Image}}$,53,98.7
flickr,$OpenCLIP_{\mathrm{Image}}$,54,98.7
flickr,$OpenCLIP_{\mathrm{Image}}$,55,98.7
flickr,$OpenCLIP_{\mathrm{Image}}$,56,98.7
flickr,$OpenCLIP_{\mathrm{Image}}$,57,98.8
flickr,$OpenCLIP_{\mathrm{Image}}$,58,98.9
flickr,$OpenCLIP_{\mathrm{Image}}$,59,98.9
flickr,$OpenCLIP_{\mathrm{Image}}$,60,99.0
flickr,$OpenCLIP_{\mathrm{Image}}$,61,99.0
flickr,$OpenCLIP_{\mathrm{Image}}$,62,99.0
flickr,$OpenCLIP_{\mathrm{Image}}$,63,99.0
flickr,$OpenCLIP_{\mathrm{Image}}$,64,99.0
flickr,$OpenCLIP_{\mathrm{Image}}$,65,99.0
flickr,$OpenCLIP_{\mathrm{Image}}$,66,99.0
flickr,$OpenCLIP_{\mathrm{Image}}$,67,99.0
flickr,$OpenCLIP_{\mathrm{Image}}$,68,99.0
flickr,$OpenCLIP_{\mathrm{Image}}$,69,99.0
flickr,$OpenCLIP_{\mathrm{Image}}$,70,99.0
flickr,$OpenCLIP_{\mathrm{Image}}$,71,99.0
flickr,$OpenCLIP_{\mathrm{Image}}$,72,99.1
flickr,$OpenCLIP_{\mathrm{Image}}$,73,99.1
flickr,$OpenCLIP_{\mathrm{Image}}$,74,99.1
flickr,$OpenCLIP_{\mathrm{Image}}$,75,99.1
flickr,$OpenCLIP_{\mathrm{Image}}$,76,99.1
flickr,$OpenCLIP_{\mathrm{Image}}$,77,99.1
flickr,$OpenCLIP_{\mathrm{Image}}$,78,99.1
flickr,$OpenCLIP_{\mathrm{Image}}$,79,99.1
flickr,$OpenCLIP_{\mathrm{Image}}$,80,99.1
flickr,$OpenCLIP_{\mathrm{Image}}$,81,99.1
flickr,$OpenCLIP_{\mathrm{Image}}$,82,99.1
flickr,$OpenCLIP_{\mathrm{Image}}$,83,99.1
flickr,$OpenCLIP_{\mathrm{Image}}$,84,99.1
flickr,$OpenCLIP_{\mathrm{Image}}$,85,99.1
flickr,$OpenCLIP_{\mathrm{Image}}$,86,99.1
flickr,$OpenCLIP_{\mathrm{Image}}$,87,99.1
flickr,$OpenCLIP_{\mathrm{Image}}$,88,99.1
flickr,$OpenCLIP_{\mathrm{Image}}$,89,99.1
flickr,$OpenCLIP_{\mathrm{Image}}$,90,99.1
flickr,$OpenCLIP_{\mathrm{Image}}$,91,99.1
flickr,$OpenCLIP_{\mathrm{Image}}$,92,99.1
flickr,$OpenCLIP_{\mathrm{Image}}$,93,99.1
flickr,$OpenCLIP_{\mathrm{Image}}$,94,99.1
flickr,$OpenCLIP_{\mathrm{Image}}$,95,99.1
flickr,$OpenCLIP_{\mathrm{Image}}$,96,99.2
flickr,$OpenCLIP_{\mathrm{Image}}$,97,99.2
flickr,$OpenCLIP_{\mathrm{Image}}$,98,99.2
flickr,$OpenCLIP_{\mathrm{Image}}$,99,99.2
flickr,$OpenCLIP_{\mathrm{Image}}$,100,99.2
flickr,$UniIR_{\mathrm{Image}}$,1,67.0
flickr,$UniIR_{\mathrm{Image}}$,2,78.60000000000001
flickr,$UniIR_{\mathrm{Image}}$,3,85.7
flickr,$UniIR_{\mathrm{Image}}$,4,88.0
flickr,$UniIR_{\mathrm{Image}}$,5,90.10000000000001
flickr,$UniIR_{\mathrm{Image}}$,6,91.3
flickr,$UniIR_{\mathrm{Image}}$,7,91.7
flickr,$UniIR_{\mathrm{Image}}$,8,92.4
flickr,$UniIR_{\mathrm{Image}}$,9,92.9
flickr,$UniIR_{\mathrm{Image}}$,10,93.60000000000001
flickr,$UniIR_{\mathrm{Image}}$,11,94.3
flickr,$UniIR_{\mathrm{Image}}$,12,94.6
flickr,$UniIR_{\mathrm{Image}}$,13,95.1
flickr,$UniIR_{\mathrm{Image}}$,14,95.39999999999999
flickr,$UniIR_{\mathrm{Image}}$,15,95.8
flickr,$UniIR_{\mathrm{Image}}$,16,96.39999999999999
flickr,$UniIR_{\mathrm{Image}}$,17,96.6
flickr,$UniIR_{\mathrm{Image}}$,18,96.7
flickr,$UniIR_{\mathrm{Image}}$,19,96.8
flickr,$UniIR_{\mathrm{Image}}$,20,97.0
flickr,$UniIR_{\mathrm{Image}}$,21,97.2
flickr,$UniIR_{\mathrm{Image}}$,22,97.3
flickr,$UniIR_{\mathrm{Image}}$,23,97.6
flickr,$UniIR_{\mathrm{Image}}$,24,97.8
flickr,$UniIR_{\mathrm{Image}}$,25,97.89999999999999
flickr,$UniIR_{\mathrm{Image}}$,26,98.3
flickr,$UniIR_{\mathrm{Image}}$,27,98.3
flickr,$UniIR_{\mathrm{Image}}$,28,98.4
flickr,$UniIR_{\mathrm{Image}}$,29,98.4
flickr,$UniIR_{\mathrm{Image}}$,30,98.5
flickr,$UniIR_{\mathrm{Image}}$,31,98.5
flickr,$UniIR_{\mathrm{Image}}$,32,98.5
flickr,$UniIR_{\mathrm{Image}}$,33,98.5
flickr,$UniIR_{\mathrm{Image}}$,34,98.5
flickr,$UniIR_{\mathrm{Image}}$,35,98.5
flickr,$UniIR_{\mathrm{Image}}$,36,98.7
flickr,$UniIR_{\mathrm{Image}}$,37,98.7
flickr,$UniIR_{\mathrm{Image}}$,38,98.7
flickr,$UniIR_{\mathrm{Image}}$,39,98.7
flickr,$UniIR_{\mathrm{Image}}$,40,98.7
flickr,$UniIR_{\mathrm{Image}}$,41,98.7
flickr,$UniIR_{\mathrm{Image}}$,42,98.7
flickr,$UniIR_{\mathrm{Image}}$,43,98.7
flickr,$UniIR_{\mathrm{Image}}$,44,98.8
flickr,$UniIR_{\mathrm{Image}}$,45,98.8
flickr,$UniIR_{\mathrm{Image}}$,46,98.9
flickr,$UniIR_{\mathrm{Image}}$,47,99.0
flickr,$UniIR_{\mathrm{Image}}$,48,99.0
flickr,$UniIR_{\mathrm{Image}}$,49,99.1
flickr,$UniIR_{\mathrm{Image}}$,50,99.1
flickr,$UniIR_{\mathrm{Image}}$,51,99.1
flickr,$UniIR_{\mathrm{Image}}$,52,99.1
flickr,$UniIR_{\mathrm{Image}}$,53,99.1
flickr,$UniIR_{\mathrm{Image}}$,54,99.1
flickr,$UniIR_{\mathrm{Image}}$,55,99.1
flickr,$UniIR_{\mathrm{Image}}$,56,99.1
flickr,$UniIR_{\mathrm{Image}}$,57,99.1
flickr,$UniIR_{\mathrm{Image}}$,58,99.1
flickr,$UniIR_{\mathrm{Image}}$,59,99.1
flickr,$UniIR_{\mathrm{Image}}$,60,99.1
flickr,$UniIR_{\mathrm{Image}}$,61,99.1
flickr,$UniIR_{\mathrm{Image}}$,62,99.1
flickr,$UniIR_{\mathrm{Image}}$,63,99.2
flickr,$UniIR_{\mathrm{Image}}$,64,99.3
flickr,$UniIR_{\mathrm{Image}}$,65,99.3
flickr,$UniIR_{\mathrm{Image}}$,66,99.3
flickr,$UniIR_{\mathrm{Image}}$,67,99.3
flickr,$UniIR_{\mathrm{Image}}$,68,99.3
flickr,$UniIR_{\mathrm{Image}}$,69,99.3
flickr,$UniIR_{\mathrm{Image}}$,70,99.3
flickr,$UniIR_{\mathrm{Image}}$,71,99.4
flickr,$UniIR_{\mathrm{Image}}$,72,99.4
flickr,$UniIR_{\mathrm{Image}}$,73,99.4
flickr,$UniIR_{\mathrm{Image}}$,74,99.4
flickr,$UniIR_{\mathrm{Image}}$,75,99.4
flickr,$UniIR_{\mathrm{Image}}$,76,99.4
flickr,$UniIR_{\mathrm{Image}}$,77,99.4
flickr,$UniIR_{\mathrm{Image}}$,78,99.4
flickr,$UniIR_{\mathrm{Image}}$,79,99.5
flickr,$UniIR_{\mathrm{Image}}$,80,99.5
flickr,$UniIR_{\mathrm{Image}}$,81,99.5
flickr,$UniIR_{\mathrm{Image}}$,82,99.6
flickr,$UniIR_{\mathrm{Image}}$,83,99.6
flickr,$UniIR_{\mathrm{Image}}$,84,99.6
flickr,$UniIR_{\mathrm{Image}}$,85,99.6
flickr,$UniIR_{\mathrm{Image}}$,86,99.6
flickr,$UniIR_{\mathrm{Image}}$,87,99.6
flickr,$UniIR_{\mathrm{Image}}$,88,99.6
flickr,$UniIR_{\mathrm{Image}}$,89,99.6
flickr,$UniIR_{\mathrm{Image}}$,90,99.6
flickr,$UniIR_{\mathrm{Image}}$,91,99.6
flickr,$UniIR_{\mathrm{Image}}$,92,99.6
flickr,$UniIR_{\mathrm{Image}}$,93,99.6
flickr,$UniIR_{\mathrm{Image}}$,94,99.6
flickr,$UniIR_{\mathrm{Image}}$,95,99.6
flickr,$UniIR_{\mathrm{Image}}$,96,99.6
flickr,$UniIR_{\mathrm{Image}}$,97,99.6
flickr,$UniIR_{\mathrm{Image}}$,98,99.6
flickr,$UniIR_{\mathrm{Image}}$,99,99.6
flickr,$UniIR_{\mathrm{Image}}$,100,99.6
flickr,$UniIR_{\mathrm{Joint}}$,1,73.2
flickr,$UniIR_{\mathrm{Joint}}$,2,81.10000000000001
flickr,$UniIR_{\mathrm{Joint}}$,3,84.6
flickr,$UniIR_{\mathrm{Joint}}$,4,87.4
flickr,$UniIR_{\mathrm{Joint}}$,5,88.9
flickr,$UniIR_{\mathrm{Joint}}$,6,89.60000000000001
flickr,$UniIR_{\mathrm{Joint}}$,7,90.2
flickr,$UniIR_{\mathrm{Joint}}$,8,91.2
flickr,$UniIR_{\mathrm{Joint}}$,9,92.0
flickr,$UniIR_{\mathrm{Joint}}$,10,92.9
flickr,$UniIR_{\mathrm{Joint}}$,11,93.5
flickr,$UniIR_{\mathrm{Joint}}$,12,94.1
flickr,$UniIR_{\mathrm{Joint}}$,13,94.39999999999999
flickr,$UniIR_{\mathrm{Joint}}$,14,94.6
flickr,$UniIR_{\mathrm{Joint}}$,15,95.19999999999999
flickr,$UniIR_{\mathrm{Joint}}$,16,95.6
flickr,$UniIR_{\mathrm{Joint}}$,17,95.8
flickr,$UniIR_{\mathrm{Joint}}$,18,96.2
flickr,$UniIR_{\mathrm{Joint}}$,19,96.3
flickr,$UniIR_{\mathrm{Joint}}$,20,96.5
flickr,$UniIR_{\mathrm{Joint}}$,21,96.6
flickr,$UniIR_{\mathrm{Joint}}$,22,96.8
flickr,$UniIR_{\mathrm{Joint}}$,23,96.89999999999999
flickr,$UniIR_{\mathrm{Joint}}$,24,97.1
flickr,$UniIR_{\mathrm{Joint}}$,25,97.1
flickr,$UniIR_{\mathrm{Joint}}$,26,97.1
flickr,$UniIR_{\mathrm{Joint}}$,27,97.3
flickr,$UniIR_{\mathrm{Joint}}$,28,97.39999999999999
flickr,$UniIR_{\mathrm{Joint}}$,29,97.5
flickr,$UniIR_{\mathrm{Joint}}$,30,97.6
flickr,$UniIR_{\mathrm{Joint}}$,31,97.6
flickr,$UniIR_{\mathrm{Joint}}$,32,97.8
flickr,$UniIR_{\mathrm{Joint}}$,33,97.89999999999999
flickr,$UniIR_{\mathrm{Joint}}$,34,97.89999999999999
flickr,$UniIR_{\mathrm{Joint}}$,35,98.0
flickr,$UniIR_{\mathrm{Joint}}$,36,98.2
flickr,$UniIR_{\mathrm{Joint}}$,37,98.2
flickr,$UniIR_{\mathrm{Joint}}$,38,98.2
flickr,$UniIR_{\mathrm{Joint}}$,39,98.2
flickr,$UniIR_{\mathrm{Joint}}$,40,98.2
flickr,$UniIR_{\mathrm{Joint}}$,41,98.3
flickr,$UniIR_{\mathrm{Joint}}$,42,98.4
flickr,$UniIR_{\mathrm{Joint}}$,43,98.5
flickr,$UniIR_{\mathrm{Joint}}$,44,98.5
flickr,$UniIR_{\mathrm{Joint}}$,45,98.5
flickr,$UniIR_{\mathrm{Joint}}$,46,98.5
flickr,$UniIR_{\mathrm{Joint}}$,47,98.6
flickr,$UniIR_{\mathrm{Joint}}$,48,98.6
flickr,$UniIR_{\mathrm{Joint}}$,49,98.7
flickr,$UniIR_{\mathrm{Joint}}$,50,98.7
flickr,$UniIR_{\mathrm{Joint}}$,51,98.7
flickr,$UniIR_{\mathrm{Joint}}$,52,98.7
flickr,$UniIR_{\mathrm{Joint}}$,53,98.8
flickr,$UniIR_{\mathrm{Joint}}$,54,98.8
flickr,$UniIR_{\mathrm{Joint}}$,55,98.8
flickr,$UniIR_{\mathrm{Joint}}$,56,98.8
flickr,$UniIR_{\mathrm{Joint}}$,57,98.8
flickr,$UniIR_{\mathrm{Joint}}$,58,98.8
flickr,$UniIR_{\mathrm{Joint}}$,59,98.9
flickr,$UniIR_{\mathrm{Joint}}$,60,98.9
flickr,$UniIR_{\mathrm{Joint}}$,61,98.9
flickr,$UniIR_{\mathrm{Joint}}$,62,98.9
flickr,$UniIR_{\mathrm{Joint}}$,63,98.9
flickr,$UniIR_{\mathrm{Joint}}$,64,98.9
flickr,$UniIR_{\mathrm{Joint}}$,65,98.9
flickr,$UniIR_{\mathrm{Joint}}$,66,98.9
flickr,$UniIR_{\mathrm{Joint}}$,67,98.9
flickr,$UniIR_{\mathrm{Joint}}$,68,98.9
flickr,$UniIR_{\mathrm{Joint}}$,69,98.9
flickr,$UniIR_{\mathrm{Joint}}$,70,98.9
flickr,$UniIR_{\mathrm{Joint}}$,71,98.9
flickr,$UniIR_{\mathrm{Joint}}$,72,99.0
flickr,$UniIR_{\mathrm{Joint}}$,73,99.0
flickr,$UniIR_{\mathrm{Joint}}$,74,99.0
flickr,$UniIR_{\mathrm{Joint}}$,75,99.0
flickr,$UniIR_{\mathrm{Joint}}$,76,99.0
flickr,$UniIR_{\mathrm{Joint}}$,77,99.0
flickr,$UniIR_{\mathrm{Joint}}$,78,99.0
flickr,$UniIR_{\mathrm{Joint}}$,79,99.0
flickr,$UniIR_{\mathrm{Joint}}$,80,99.0
flickr,$UniIR_{\mathrm{Joint}}$,81,99.0
flickr,$UniIR_{\mathrm{Joint}}$,82,99.0
flickr,$UniIR_{\mathrm{Joint}}$,83,99.0
flickr,$UniIR_{\mathrm{Joint}}$,84,99.0
flickr,$UniIR_{\mathrm{Joint}}$,85,99.0
flickr,$UniIR_{\mathrm{Joint}}$,86,99.0
flickr,$UniIR_{\mathrm{Joint}}$,87,99.0
flickr,$UniIR_{\mathrm{Joint}}$,88,99.0
flickr,$UniIR_{\mathrm{Joint}}$,89,99.0
flickr,$UniIR_{\mathrm{Joint}}$,90,99.0
flickr,$UniIR_{\mathrm{Joint}}$,91,99.0
flickr,$UniIR_{\mathrm{Joint}}$,92,99.0
flickr,$UniIR_{\mathrm{Joint}}$,93,99.1
flickr,$UniIR_{\mathrm{Joint}}$,94,99.1
flickr,$UniIR_{\mathrm{Joint}}$,95,99.1
flickr,$UniIR_{\mathrm{Joint}}$,96,99.1
flickr,$UniIR_{\mathrm{Joint}}$,97,99.1
flickr,$UniIR_{\mathrm{Joint}}$,98,99.1
flickr,$UniIR_{\mathrm{Joint}}$,99,99.1
flickr,$UniIR_{\mathrm{Joint}}$,100,99.1
flickr,$BM25_{\mathrm{Text}}$,1,43.3
flickr,$BM25_{\mathrm{Text}}$,2,54.6
flickr,$BM25_{\mathrm{Text}}$,3,60.6
flickr,$BM25_{\mathrm{Text}}$,4,63.9
flickr,$BM25_{\mathrm{Text}}$,5,66.0
flickr,$BM25_{\mathrm{Text}}$,6,68.89999999999999
flickr,$BM25_{\mathrm{Text}}$,7,71.0
flickr,$BM25_{\mathrm{Text}}$,8,72.0
flickr,$BM25_{\mathrm{Text}}$,9,73.2
flickr,$BM25_{\mathrm{Text}}$,10,74.4
flickr,$BM25_{\mathrm{Text}}$,11,75.6
flickr,$BM25_{\mathrm{Text}}$,12,76.3
flickr,$BM25_{\mathrm{Text}}$,13,76.7
flickr,$BM25_{\mathrm{Text}}$,14,77.5
flickr,$BM25_{\mathrm{Text}}$,15,77.8
flickr,$BM25_{\mathrm{Text}}$,16,78.60000000000001
flickr,$BM25_{\mathrm{Text}}$,17,78.9
flickr,$BM25_{\mathrm{Text}}$,18,79.7
flickr,$BM25_{\mathrm{Text}}$,19,80.9
flickr,$BM25_{\mathrm{Text}}$,20,81.3
flickr,$BM25_{\mathrm{Text}}$,21,81.8
flickr,$BM25_{\mathrm{Text}}$,22,82.1
flickr,$BM25_{\mathrm{Text}}$,23,82.6
flickr,$BM25_{\mathrm{Text}}$,24,83.6
flickr,$BM25_{\mathrm{Text}}$,25,84.0
flickr,$BM25_{\mathrm{Text}}$,26,84.1
flickr,$BM25_{\mathrm{Text}}$,27,84.2
flickr,$BM25_{\mathrm{Text}}$,28,84.2
flickr,$BM25_{\mathrm{Text}}$,29,84.39999999999999
flickr,$BM25_{\mathrm{Text}}$,30,84.6
flickr,$BM25_{\mathrm{Text}}$,31,84.8
flickr,$BM25_{\mathrm{Text}}$,32,85.0
flickr,$BM25_{\mathrm{Text}}$,33,85.3
flickr,$BM25_{\mathrm{Text}}$,34,85.6
flickr,$BM25_{\mathrm{Text}}$,35,85.9
flickr,$BM25_{\mathrm{Text}}$,36,86.0
flickr,$BM25_{\mathrm{Text}}$,37,86.1
flickr,$BM25_{\mathrm{Text}}$,38,86.4
flickr,$BM25_{\mathrm{Text}}$,39,86.5
flickr,$BM25_{\mathrm{Text}}$,40,86.8
flickr,$BM25_{\mathrm{Text}}$,41,86.8
flickr,$BM25_{\mathrm{Text}}$,42,86.8
flickr,$BM25_{\mathrm{Text}}$,43,87.0
flickr,$BM25_{\mathrm{Text}}$,44,87.2
flickr,$BM25_{\mathrm{Text}}$,45,87.3
flickr,$BM25_{\mathrm{Text}}$,46,87.4
flickr,$BM25_{\mathrm{Text}}$,47,87.5
flickr,$BM25_{\mathrm{Text}}$,48,87.7
flickr,$BM25_{\mathrm{Text}}$,49,87.8
flickr,$BM25_{\mathrm{Text}}$,50,88.1
flickr,$BM25_{\mathrm{Text}}$,51,88.2
flickr,$BM25_{\mathrm{Text}}$,52,88.4
flickr,$BM25_{\mathrm{Text}}$,53,88.5
flickr,$BM25_{\mathrm{Text}}$,54,88.9
flickr,$BM25_{\mathrm{Text}}$,55,89.0
flickr,$BM25_{\mathrm{Text}}$,56,89.2
flickr,$BM25_{\mathrm{Text}}$,57,89.4
flickr,$BM25_{\mathrm{Text}}$,58,89.4
flickr,$BM25_{\mathrm{Text}}$,59,89.60000000000001
flickr,$BM25_{\mathrm{Text}}$,60,89.7
flickr,$BM25_{\mathrm{Text}}$,61,89.8
flickr,$BM25_{\mathrm{Text}}$,62,90.0
flickr,$BM25_{\mathrm{Text}}$,63,90.10000000000001
flickr,$BM25_{\mathrm{Text}}$,64,90.10000000000001
flickr,$BM25_{\mathrm{Text}}$,65,90.10000000000001
flickr,$BM25_{\mathrm{Text}}$,66,90.2
flickr,$BM25_{\mathrm{Text}}$,67,90.3
flickr,$BM25_{\mathrm{Text}}$,68,90.3
flickr,$BM25_{\mathrm{Text}}$,69,90.3
flickr,$BM25_{\mathrm{Text}}$,70,90.4
flickr,$BM25_{\mathrm{Text}}$,71,90.4
flickr,$BM25_{\mathrm{Text}}$,72,90.5
flickr,$BM25_{\mathrm{Text}}$,73,90.5
flickr,$BM25_{\mathrm{Text}}$,74,90.7
flickr,$BM25_{\mathrm{Text}}$,75,90.8
flickr,$BM25_{\mathrm{Text}}$,76,90.8
flickr,$BM25_{\mathrm{Text}}$,77,90.8
flickr,$BM25_{\mathrm{Text}}$,78,90.8
flickr,$BM25_{\mathrm{Text}}$,79,90.9
flickr,$BM25_{\mathrm{Text}}$,80,91.0
flickr,$BM25_{\mathrm{Text}}$,81,91.0
flickr,$BM25_{\mathrm{Text}}$,82,91.10000000000001
flickr,$BM25_{\mathrm{Text}}$,83,91.10000000000001
flickr,$BM25_{\mathrm{Text}}$,84,91.10000000000001
flickr,$BM25_{\mathrm{Text}}$,85,91.2
flickr,$BM25_{\mathrm{Text}}$,86,91.3
flickr,$BM25_{\mathrm{Text}}$,87,91.5
flickr,$BM25_{\mathrm{Text}}$,88,91.5
flickr,$BM25_{\mathrm{Text}}$,89,91.5
flickr,$BM25_{\mathrm{Text}}$,90,91.60000000000001
flickr,$BM25_{\mathrm{Text}}$,91,91.7
flickr,$BM25_{\mathrm{Text}}$,92,91.7
flickr,$BM25_{\mathrm{Text}}$,93,91.7
flickr,$BM25_{\mathrm{Text}}$,94,91.8
flickr,$BM25_{\mathrm{Text}}$,95,91.9
flickr,$BM25_{\mathrm{Text}}$,96,91.9
flickr,$BM25_{\mathrm{Text}}$,97,92.0
flickr,$BM25_{\mathrm{Text}}$,98,92.0
flickr,$BM25_{\mathrm{Text}}$,99,92.10000000000001
flickr,$BM25_{\mathrm{Text}}$,100,92.2
